Model,Parameters,test_acc,train_acc,test_bal_acc,train_bal_acc,test_f1_macro,train_f1_macro,test_f1_weighted,train_f1_weighted,test_prec_macro,train_prec_macro,test_rec_macro,train_rec_macro,test_specificity_weighted,train_specificity_weighted,test_g_mean,train_g_mean
LogisticRegression,3 Classes / Normal / No Scaler / Unbalanced,0.4340,0.5271,0.4007,0.4963,0.3870,0.4944,0.4138,0.5139,0.3927,0.5184,0.4007,0.4963,0.6823,0.7298,0.5224,0.6018
LogisticRegression,3 Classes / Normal / StandardScaler / Unbalanced,0.4313,0.5282,0.3959,0.4963,0.3807,0.4937,0.4098,0.5141,0.3839,0.5192,0.3959,0.4963,0.6806,0.7298,0.5186,0.6017
LogisticRegression,3 Classes / Normal / MinMaxScaler / Unbalanced,0.4299,0.5312,0.3894,0.4939,0.3673,0.4876,0.3995,0.5109,0.3665,0.5315,0.3894,0.4939,0.6720,0.7255,0.5113,0.5986
LogisticRegression,3 Classes / Feature Engineering / No Scaler / Unbalanced,0.4340,0.5271,0.4007,0.4963,0.3870,0.4944,0.4138,0.5139,0.3927,0.5184,0.4007,0.4963,0.6823,0.7298,0.5224,0.6018
LogisticRegression,3 Classes / Feature Engineering / StandardScaler / Unbalanced,0.4313,0.5282,0.3959,0.4963,0.3807,0.4937,0.4098,0.5141,0.3839,0.5192,0.3959,0.4963,0.6806,0.7298,0.5186,0.6017
LogisticRegression,3 Classes / Feature Engineering / MinMaxScaler / Unbalanced,0.4299,0.5312,0.3894,0.4939,0.3673,0.4876,0.3995,0.5109,0.3665,0.5315,0.3894,0.4939,0.6720,0.7255,0.5113,0.5986
LogisticRegression,2 Classes IS vs W / Normal / No Scaler / Unbalanced,0.6456,0.7009,0.5731,0.6334,0.5706,0.6376,0.6218,0.6809,0.5981,0.6753,0.5731,0.6334,0.5006,0.5659,0.5356,0.5987
LogisticRegression,2 Classes IS vs W / Normal / No Scaler / SMOTE,0.6016,0.6672,0.5877,0.6602,0.5812,0.6513,0.6069,0.6726,0.5836,0.6501,0.5877,0.6602,0.5737,0.6532,0.5806,0.6567
LogisticRegression,2 Classes IS vs W / Normal / No Scaler / RandomOverSampler,0.6195,0.6648,0.6049,0.6603,0.5983,0.6501,0.6239,0.6706,0.6007,0.6494,0.6049,0.6603,0.5904,0.6557,0.5976,0.6580
LogisticRegression,2 Classes IS vs W / Normal / StandardScaler / Unbalanced,0.6415,0.6981,0.5682,0.6300,0.5645,0.6337,0.6166,0.6776,0.5908,0.6716,0.5682,0.6300,0.4949,0.5618,0.5302,0.5949
LogisticRegression,2 Classes IS vs W / Normal / StandardScaler / SMOTE,0.6277,0.6727,0.6199,0.6673,0.6105,0.6576,0.6331,0.6782,0.6137,0.6564,0.6199,0.6673,0.6121,0.6618,0.6159,0.6645
LogisticRegression,2 Classes IS vs W / Normal / StandardScaler / RandomOverSampler,0.6153,0.6655,0.6017,0.6623,0.5948,0.6515,0.6201,0.6715,0.5970,0.6510,0.6017,0.6623,0.5881,0.6590,0.5948,0.6607
LogisticRegression,2 Classes IS vs W / Normal / MinMaxScaler / Unbalanced,0.6607,0.6927,0.5711,0.6052,0.5603,0.6007,0.6201,0.6554,0.6253,0.6768,0.5711,0.6052,0.4816,0.5177,0.5244,0.5597
LogisticRegression,2 Classes IS vs W / Normal / MinMaxScaler / SMOTE,0.6181,0.6669,0.6064,0.6574,0.5994,0.6497,0.6237,0.6718,0.6006,0.6482,0.6064,0.6574,0.5947,0.6478,0.6005,0.6526
LogisticRegression,2 Classes IS vs W / Normal / MinMaxScaler / RandomOverSampler,0.6098,0.6652,0.5940,0.6556,0.5879,0.6479,0.6140,0.6701,0.5911,0.6467,0.5940,0.6556,0.5782,0.6460,0.5860,0.6508
LogisticRegression,2 Classes IS vs W / Feature Engineering / No Scaler / Unbalanced,0.6456,0.7009,0.5731,0.6334,0.5706,0.6376,0.6218,0.6809,0.5981,0.6753,0.5731,0.6334,0.5006,0.5659,0.5356,0.5987
LogisticRegression,2 Classes IS vs W / Feature Engineering / No Scaler / SMOTE,0.6016,0.6672,0.5877,0.6602,0.5812,0.6513,0.6069,0.6726,0.5836,0.6501,0.5877,0.6602,0.5737,0.6532,0.5806,0.6567
LogisticRegression,2 Classes IS vs W / Feature Engineering / No Scaler / RandomOverSampler,0.6195,0.6648,0.6049,0.6603,0.5983,0.6501,0.6239,0.6706,0.6007,0.6494,0.6049,0.6603,0.5904,0.6557,0.5976,0.6580
LogisticRegression,2 Classes IS vs W / Feature Engineering / StandardScaler / Unbalanced,0.6415,0.6981,0.5682,0.6300,0.5645,0.6337,0.6166,0.6776,0.5908,0.6716,0.5682,0.6300,0.4949,0.5618,0.5302,0.5949
LogisticRegression,2 Classes IS vs W / Feature Engineering / StandardScaler / SMOTE,0.6277,0.6727,0.6199,0.6673,0.6105,0.6576,0.6331,0.6782,0.6137,0.6564,0.6199,0.6673,0.6121,0.6618,0.6159,0.6645
LogisticRegression,2 Classes IS vs W / Feature Engineering / StandardScaler / RandomOverSampler,0.6153,0.6655,0.6017,0.6623,0.5948,0.6515,0.6201,0.6715,0.5970,0.6510,0.6017,0.6623,0.5881,0.6590,0.5948,0.6607
LogisticRegression,2 Classes IS vs W / Feature Engineering / MinMaxScaler / Unbalanced,0.6607,0.6927,0.5711,0.6052,0.5603,0.6007,0.6201,0.6554,0.6253,0.6768,0.5711,0.6052,0.4816,0.5177,0.5244,0.5597
LogisticRegression,2 Classes IS vs W / Feature Engineering / MinMaxScaler / SMOTE,0.6181,0.6669,0.6064,0.6574,0.5994,0.6497,0.6237,0.6718,0.6006,0.6482,0.6064,0.6574,0.5947,0.6478,0.6005,0.6526
LogisticRegression,2 Classes IS vs W / Feature Engineering / MinMaxScaler / RandomOverSampler,0.6098,0.6652,0.5940,0.6556,0.5879,0.6479,0.6140,0.6701,0.5911,0.6467,0.5940,0.6556,0.5782,0.6460,0.5860,0.6508
LogisticRegression,2 Classes S vs IW / Normal / No Scaler / Unbalanced,0.7280,0.7579,0.5041,0.5384,0.4691,0.5157,0.6564,0.6888,0.5184,0.6513,0.5041,0.5384,0.2802,0.3189,0.3756,0.4142
LogisticRegression,2 Classes S vs IW / Normal / No Scaler / SMOTE,0.5755,0.6518,0.5408,0.6381,0.5179,0.6033,0.6011,0.6734,0.5316,0.6069,0.5408,0.6381,0.5061,0.6245,0.5229,0.6313
LogisticRegression,2 Classes S vs IW / Normal / No Scaler / RandomOverSampler,0.5686,0.6432,0.5269,0.6245,0.5078,0.5925,0.5938,0.6651,0.5216,0.5966,0.5269,0.6245,0.4852,0.6058,0.5054,0.6151
LogisticRegression,2 Classes S vs IW / Normal / StandardScaler / Unbalanced,0.7266,0.7589,0.4994,0.5386,0.4606,0.5156,0.6520,0.6891,0.5014,0.6598,0.4994,0.5386,0.2723,0.3183,0.3687,0.4139
LogisticRegression,2 Classes S vs IW / Normal / StandardScaler / SMOTE,0.5549,0.6497,0.5290,0.6377,0.5020,0.6020,0.5823,0.6716,0.5218,0.6063,0.5290,0.6377,0.5031,0.6257,0.5154,0.6316
LogisticRegression,2 Classes S vs IW / Normal / StandardScaler / RandomOverSampler,0.5741,0.6429,0.5343,0.6233,0.5142,0.5918,0.5989,0.6647,0.5274,0.5958,0.5343,0.6233,0.4945,0.6038,0.5138,0.6135
LogisticRegression,2 Classes S vs IW / Normal / MinMaxScaler / Unbalanced,0.7362,0.7548,0.4946,0.5126,0.4390,0.4607,0.6454,0.6620,0.4836,0.6517,0.4946,0.5126,0.2530,0.2703,0.3537,0.3722
LogisticRegression,2 Classes S vs IW / Normal / MinMaxScaler / SMOTE,0.5495,0.6425,0.5291,0.6338,0.4993,0.5965,0.5776,0.6653,0.5215,0.6027,0.5291,0.6338,0.5087,0.6252,0.5182,0.6295
LogisticRegression,2 Classes S vs IW / Normal / MinMaxScaler / RandomOverSampler,0.5713,0.6398,0.5399,0.6250,0.5165,0.5910,0.5978,0.6623,0.5314,0.5964,0.5399,0.6250,0.5085,0.6103,0.5238,0.6176
LogisticRegression,2 Classes S vs IW / Feature Engineering / No Scaler / Unbalanced,0.7280,0.7579,0.5041,0.5384,0.4691,0.5157,0.6564,0.6888,0.5184,0.6513,0.5041,0.5384,0.2802,0.3189,0.3756,0.4142
LogisticRegression,2 Classes S vs IW / Feature Engineering / No Scaler / SMOTE,0.5755,0.6518,0.5408,0.6381,0.5179,0.6033,0.6011,0.6734,0.5316,0.6069,0.5408,0.6381,0.5061,0.6245,0.5229,0.6313
LogisticRegression,2 Classes S vs IW / Feature Engineering / No Scaler / RandomOverSampler,0.5686,0.6432,0.5269,0.6245,0.5078,0.5925,0.5938,0.6651,0.5216,0.5966,0.5269,0.6245,0.4852,0.6058,0.5054,0.6151
LogisticRegression,2 Classes S vs IW / Feature Engineering / StandardScaler / Unbalanced,0.7266,0.7589,0.4994,0.5386,0.4606,0.5156,0.6520,0.6891,0.5014,0.6598,0.4994,0.5386,0.2723,0.3183,0.3687,0.4139
LogisticRegression,2 Classes S vs IW / Feature Engineering / StandardScaler / SMOTE,0.5549,0.6497,0.5290,0.6377,0.5020,0.6020,0.5823,0.6716,0.5218,0.6063,0.5290,0.6377,0.5031,0.6257,0.5154,0.6316
LogisticRegression,2 Classes S vs IW / Feature Engineering / StandardScaler / RandomOverSampler,0.5741,0.6429,0.5343,0.6233,0.5142,0.5918,0.5989,0.6647,0.5274,0.5958,0.5343,0.6233,0.4945,0.6038,0.5138,0.6135
LogisticRegression,2 Classes S vs IW / Feature Engineering / MinMaxScaler / Unbalanced,0.7362,0.7548,0.4946,0.5126,0.4390,0.4607,0.6454,0.6620,0.4836,0.6517,0.4946,0.5126,0.2530,0.2703,0.3537,0.3722
LogisticRegression,2 Classes S vs IW / Feature Engineering / MinMaxScaler / SMOTE,0.5495,0.6425,0.5291,0.6338,0.4993,0.5965,0.5776,0.6653,0.5215,0.6027,0.5291,0.6338,0.5087,0.6252,0.5182,0.6295
LogisticRegression,2 Classes S vs IW / Feature Engineering / MinMaxScaler / RandomOverSampler,0.5713,0.6398,0.5399,0.6250,0.5165,0.5910,0.5978,0.6623,0.5314,0.5964,0.5399,0.6250,0.5085,0.6103,0.5238,0.6176
LogisticRegression,3 Classes / Normal / No Scaler / Unbalanced / Feature Selection,0.4382,0.5182,0.4025,0.4855,0.3879,0.4818,0.4159,0.5026,0.3974,0.5112,0.4025,0.4855,0.6831,0.7222,0.5242,0.5921
LogisticRegression,3 Classes / Normal / StandardScaler / Unbalanced / Feature Selection,0.4368,0.5206,0.4009,0.4871,0.3861,0.4832,0.4146,0.5044,0.3947,0.5138,0.4009,0.4871,0.6823,0.7231,0.5228,0.5934
LogisticRegression,3 Classes / Normal / MinMaxScaler / Unbalanced / Feature Selection,0.4450,0.5182,0.4035,0.4783,0.3825,0.4672,0.4149,0.4936,0.3950,0.5119,0.4035,0.4783,0.6807,0.7173,0.5240,0.5857
LogisticRegression,3 Classes / Feature Engineering / No Scaler / Unbalanced / Feature Selection,0.4382,0.5182,0.4025,0.4855,0.3879,0.4818,0.4159,0.5026,0.3974,0.5112,0.4025,0.4855,0.6831,0.7222,0.5242,0.5921
LogisticRegression,3 Classes / Feature Engineering / StandardScaler / Unbalanced / Feature Selection,0.4368,0.5206,0.4009,0.4871,0.3861,0.4832,0.4146,0.5044,0.3947,0.5138,0.4009,0.4871,0.6823,0.7231,0.5228,0.5934
LogisticRegression,3 Classes / Feature Engineering / MinMaxScaler / Unbalanced / Feature Selection,0.4450,0.5182,0.4035,0.4783,0.3825,0.4672,0.4149,0.4936,0.3950,0.5119,0.4035,0.4783,0.6807,0.7173,0.5240,0.5857
LogisticRegression,2 Classes IS vs W / Normal / No Scaler / Unbalanced / Feature Selection,0.6510,0.6882,0.5722,0.6173,0.5662,0.6196,0.6207,0.6657,0.6047,0.6580,0.5722,0.6173,0.4934,0.5464,0.5313,0.5808
LogisticRegression,2 Classes IS vs W / Normal / No Scaler / SMOTE / Feature Selection,0.6209,0.6566,0.6094,0.6496,0.6024,0.6407,0.6266,0.6623,0.6036,0.6400,0.6094,0.6496,0.5980,0.6426,0.6037,0.6460
LogisticRegression,2 Classes IS vs W / Normal / No Scaler / RandomOverSampler / Feature Selection,0.6084,0.6628,0.5972,0.6578,0.5896,0.6479,0.6140,0.6686,0.5923,0.6473,0.5972,0.6578,0.5860,0.6528,0.5915,0.6553
LogisticRegression,2 Classes IS vs W / Normal / StandardScaler / Unbalanced / Feature Selection,0.6538,0.6882,0.5769,0.6167,0.5725,0.6187,0.6255,0.6652,0.6106,0.6581,0.5769,0.6167,0.5000,0.5451,0.5371,0.5798
LogisticRegression,2 Classes IS vs W / Normal / StandardScaler / SMOTE / Feature Selection,0.6291,0.6648,0.6209,0.6555,0.6121,0.6477,0.6347,0.6698,0.6142,0.6466,0.6209,0.6555,0.6128,0.6463,0.6168,0.6509
LogisticRegression,2 Classes IS vs W / Normal / StandardScaler / RandomOverSampler / Feature Selection,0.6180,0.6617,0.6081,0.6574,0.5998,0.6472,0.6235,0.6676,0.6025,0.6468,0.6081,0.6574,0.5982,0.6531,0.6031,0.6553
LogisticRegression,2 Classes IS vs W / Normal / MinMaxScaler / Unbalanced / Feature Selection,0.6538,0.6841,0.5624,0.5968,0.5492,0.5910,0.6110,0.6467,0.6189,0.6612,0.5624,0.5968,0.4709,0.5095,0.5146,0.5514
LogisticRegression,2 Classes IS vs W / Normal / MinMaxScaler / SMOTE / Feature Selection,0.6126,0.6683,0.6022,0.6591,0.5949,0.6512,0.6186,0.6731,0.5972,0.6499,0.6022,0.6591,0.5917,0.6499,0.5969,0.6545
LogisticRegression,2 Classes IS vs W / Normal / MinMaxScaler / RandomOverSampler / Feature Selection,0.6057,0.6679,0.5925,0.6603,0.5854,0.6517,0.6104,0.6731,0.5890,0.6504,0.5925,0.6603,0.5793,0.6527,0.5858,0.6565
LogisticRegression,2 Classes IS vs W / Feature Engineering / No Scaler / Unbalanced / Feature Selection,0.6510,0.6882,0.5722,0.6173,0.5662,0.6196,0.6207,0.6657,0.6047,0.6580,0.5722,0.6173,0.4934,0.5464,0.5313,0.5808
LogisticRegression,2 Classes IS vs W / Feature Engineering / No Scaler / SMOTE / Feature Selection,0.6209,0.6566,0.6094,0.6496,0.6024,0.6407,0.6266,0.6623,0.6036,0.6400,0.6094,0.6496,0.5980,0.6426,0.6037,0.6460
LogisticRegression,2 Classes IS vs W / Feature Engineering / No Scaler / RandomOverSampler / Feature Selection,0.6084,0.6628,0.5972,0.6578,0.5896,0.6479,0.6140,0.6686,0.5923,0.6473,0.5972,0.6578,0.5860,0.6528,0.5915,0.6553
LogisticRegression,2 Classes IS vs W / Feature Engineering / StandardScaler / Unbalanced / Feature Selection,0.6538,0.6882,0.5769,0.6167,0.5725,0.6187,0.6255,0.6652,0.6106,0.6581,0.5769,0.6167,0.5000,0.5451,0.5371,0.5798
LogisticRegression,2 Classes IS vs W / Feature Engineering / StandardScaler / SMOTE / Feature Selection,0.6291,0.6648,0.6209,0.6555,0.6121,0.6477,0.6347,0.6698,0.6142,0.6466,0.6209,0.6555,0.6128,0.6463,0.6168,0.6509
LogisticRegression,2 Classes IS vs W / Feature Engineering / StandardScaler / RandomOverSampler / Feature Selection,0.6180,0.6617,0.6081,0.6574,0.5998,0.6472,0.6235,0.6676,0.6025,0.6468,0.6081,0.6574,0.5982,0.6531,0.6031,0.6553
LogisticRegression,2 Classes IS vs W / Feature Engineering / MinMaxScaler / Unbalanced / Feature Selection,0.6538,0.6841,0.5624,0.5968,0.5492,0.5910,0.6110,0.6467,0.6189,0.6612,0.5624,0.5968,0.4709,0.5095,0.5146,0.5514
LogisticRegression,2 Classes IS vs W / Feature Engineering / MinMaxScaler / SMOTE / Feature Selection,0.6126,0.6683,0.6022,0.6591,0.5949,0.6512,0.6186,0.6731,0.5972,0.6499,0.6022,0.6591,0.5917,0.6499,0.5969,0.6545
LogisticRegression,2 Classes IS vs W / Feature Engineering / MinMaxScaler / RandomOverSampler / Feature Selection,0.6057,0.6679,0.5925,0.6603,0.5854,0.6517,0.6104,0.6731,0.5890,0.6504,0.5925,0.6603,0.5793,0.6527,0.5858,0.6565
LogisticRegression,2 Classes S vs IW / Normal / No Scaler / Unbalanced / Feature Selection,0.7403,0.7555,0.5086,0.5307,0.4666,0.5022,0.6597,0.6817,0.5518,0.6474,0.5086,0.5307,0.2768,0.3060,0.3750,0.4029
LogisticRegression,2 Classes S vs IW / Normal / No Scaler / SMOTE / Feature Selection,0.5727,0.6305,0.5539,0.6231,0.5242,0.5855,0.5997,0.6545,0.5417,0.5940,0.5539,0.6231,0.5351,0.6156,0.5442,0.6193
LogisticRegression,2 Classes S vs IW / Normal / No Scaler / RandomOverSampler / Feature Selection,0.5672,0.6305,0.5521,0.6100,0.5208,0.5793,0.5953,0.6534,0.5397,0.5851,0.5521,0.6100,0.5370,0.5895,0.5443,0.5997
LogisticRegression,2 Classes S vs IW / Normal / StandardScaler / Unbalanced / Feature Selection,0.7403,0.7548,0.5086,0.5289,0.4666,0.4988,0.6597,0.6799,0.5518,0.6423,0.5086,0.5289,0.2768,0.3030,0.3750,0.4002
LogisticRegression,2 Classes S vs IW / Normal / StandardScaler / SMOTE / Feature Selection,0.5686,0.6325,0.5437,0.6216,0.5175,0.5859,0.5960,0.6561,0.5338,0.5932,0.5437,0.6216,0.5188,0.6107,0.5310,0.6161
LogisticRegression,2 Classes S vs IW / Normal / StandardScaler / RandomOverSampler / Feature Selection,0.5658,0.6322,0.5475,0.6130,0.5181,0.5816,0.5940,0.6551,0.5362,0.5874,0.5475,0.6130,0.5291,0.5938,0.5381,0.6033
LogisticRegression,2 Classes S vs IW / Normal / MinMaxScaler / Unbalanced / Feature Selection,0.7404,0.7545,0.4974,0.5119,0.4399,0.4592,0.6472,0.6612,0.4492,0.6392,0.4974,0.5119,0.2544,0.2693,0.3556,0.3712
LogisticRegression,2 Classes S vs IW / Normal / MinMaxScaler / SMOTE / Feature Selection,0.5590,0.6346,0.5504,0.6253,0.5158,0.5886,0.5877,0.6581,0.5383,0.5959,0.5504,0.6253,0.5417,0.6160,0.5458,0.6207
LogisticRegression,2 Classes S vs IW / Normal / MinMaxScaler / RandomOverSampler / Feature Selection,0.5645,0.6332,0.5522,0.6202,0.5196,0.5855,0.5935,0.6566,0.5392,0.5923,0.5522,0.6202,0.5399,0.6072,0.5459,0.6136
LogisticRegression,2 Classes S vs IW / Feature Engineering / No Scaler / Unbalanced / Feature Selection,0.7403,0.7555,0.5086,0.5307,0.4666,0.5022,0.6597,0.6817,0.5518,0.6474,0.5086,0.5307,0.2768,0.3060,0.3750,0.4029
LogisticRegression,2 Classes S vs IW / Feature Engineering / No Scaler / SMOTE / Feature Selection,0.5727,0.6305,0.5539,0.6231,0.5242,0.5855,0.5997,0.6545,0.5417,0.5940,0.5539,0.6231,0.5351,0.6156,0.5442,0.6193
LogisticRegression,2 Classes S vs IW / Feature Engineering / No Scaler / RandomOverSampler / Feature Selection,0.5672,0.6305,0.5521,0.6100,0.5208,0.5793,0.5953,0.6534,0.5397,0.5851,0.5521,0.6100,0.5370,0.5895,0.5443,0.5997
LogisticRegression,2 Classes S vs IW / Feature Engineering / StandardScaler / Unbalanced / Feature Selection,0.7403,0.7548,0.5086,0.5289,0.4666,0.4988,0.6597,0.6799,0.5518,0.6423,0.5086,0.5289,0.2768,0.3030,0.3750,0.4002
LogisticRegression,2 Classes S vs IW / Feature Engineering / StandardScaler / SMOTE / Feature Selection,0.5686,0.6325,0.5437,0.6216,0.5175,0.5859,0.5960,0.6561,0.5338,0.5932,0.5437,0.6216,0.5188,0.6107,0.5310,0.6161
LogisticRegression,2 Classes S vs IW / Feature Engineering / StandardScaler / RandomOverSampler / Feature Selection,0.5658,0.6322,0.5475,0.6130,0.5181,0.5816,0.5940,0.6551,0.5362,0.5874,0.5475,0.6130,0.5291,0.5938,0.5381,0.6033
LogisticRegression,2 Classes S vs IW / Feature Engineering / MinMaxScaler / Unbalanced / Feature Selection,0.7404,0.7545,0.4974,0.5119,0.4399,0.4592,0.6472,0.6612,0.4492,0.6392,0.4974,0.5119,0.2544,0.2693,0.3556,0.3712
LogisticRegression,2 Classes S vs IW / Feature Engineering / MinMaxScaler / SMOTE / Feature Selection,0.5590,0.6346,0.5504,0.6253,0.5158,0.5886,0.5877,0.6581,0.5383,0.5959,0.5504,0.6253,0.5417,0.6160,0.5458,0.6207
LogisticRegression,2 Classes S vs IW / Feature Engineering / MinMaxScaler / RandomOverSampler / Feature Selection,0.5645,0.6332,0.5522,0.6202,0.5196,0.5855,0.5935,0.6566,0.5392,0.5923,0.5522,0.6202,0.5399,0.6072,0.5459,0.6136
RidgeClassifier,3 Classes / Normal / No Scaler / Unbalanced,0.4464,0.5326,0.4071,0.4980,0.3872,0.4934,0.4186,0.5153,0.3981,0.5286,0.4071,0.4980,0.6834,0.7292,0.5272,0.6025
RidgeClassifier,3 Classes / Normal / StandardScaler / Unbalanced,0.4450,0.5333,0.4058,0.4984,0.3861,0.4938,0.4173,0.5157,0.3972,0.5305,0.4058,0.4984,0.6822,0.7292,0.5259,0.6028
RidgeClassifier,3 Classes / Normal / MinMaxScaler / Unbalanced,0.4505,0.5323,0.4108,0.4949,0.3908,0.4881,0.4220,0.5117,0.4064,0.5321,0.4108,0.4949,0.6841,0.7263,0.5300,0.5995
RidgeClassifier,3 Classes / Feature Engineering / No Scaler / Unbalanced,0.4464,0.5326,0.4071,0.4980,0.3872,0.4934,0.4186,0.5153,0.3981,0.5286,0.4071,0.4980,0.6834,0.7292,0.5272,0.6025
RidgeClassifier,3 Classes / Feature Engineering / StandardScaler / Unbalanced,0.4450,0.5333,0.4058,0.4984,0.3861,0.4938,0.4173,0.5157,0.3972,0.5305,0.4058,0.4984,0.6822,0.7292,0.5259,0.6028
RidgeClassifier,3 Classes / Feature Engineering / MinMaxScaler / Unbalanced,0.4505,0.5323,0.4108,0.4949,0.3908,0.4881,0.4220,0.5117,0.4064,0.5321,0.4108,0.4949,0.6841,0.7263,0.5300,0.5995
RidgeClassifier,2 Classes IS vs W / Normal / No Scaler / Unbalanced,0.6456,0.6978,0.5723,0.6276,0.5692,0.6307,0.6209,0.6757,0.5980,0.6719,0.5723,0.6276,0.4989,0.5573,0.5343,0.5914
RidgeClassifier,2 Classes IS vs W / Normal / No Scaler / SMOTE,0.6030,0.6696,0.5913,0.6638,0.5838,0.6543,0.6087,0.6751,0.5866,0.6533,0.5913,0.6638,0.5796,0.6579,0.5854,0.6608
RidgeClassifier,2 Classes IS vs W / Normal / No Scaler / RandomOverSampler,0.6126,0.6669,0.5979,0.6610,0.5915,0.6516,0.6172,0.6724,0.5938,0.6506,0.5979,0.6610,0.5832,0.6551,0.5904,0.6580
RidgeClassifier,2 Classes IS vs W / Normal / StandardScaler / Unbalanced,0.6456,0.6978,0.5723,0.6274,0.5692,0.6305,0.6209,0.6755,0.5980,0.6721,0.5723,0.6274,0.4989,0.5569,0.5343,0.5911
RidgeClassifier,2 Classes IS vs W / Normal / StandardScaler / SMOTE,0.6263,0.6734,0.6197,0.6678,0.6098,0.6582,0.6320,0.6788,0.6131,0.6570,0.6197,0.6678,0.6131,0.6622,0.6163,0.6650
RidgeClassifier,2 Classes IS vs W / Normal / StandardScaler / RandomOverSampler,0.6139,0.6676,0.5998,0.6620,0.5930,0.6524,0.6186,0.6731,0.5956,0.6514,0.5998,0.6620,0.5857,0.6563,0.5926,0.6591
RidgeClassifier,2 Classes IS vs W / Normal / MinMaxScaler / Unbalanced,0.6525,0.6930,0.5724,0.6163,0.5671,0.6171,0.6218,0.6658,0.6125,0.6681,0.5724,0.6163,0.4924,0.5397,0.5309,0.5767
RidgeClassifier,2 Classes IS vs W / Normal / MinMaxScaler / SMOTE,0.6222,0.6710,0.6130,0.6634,0.6044,0.6547,0.6278,0.6761,0.6064,0.6534,0.6130,0.6634,0.6039,0.6557,0.6084,0.6595
RidgeClassifier,2 Classes IS vs W / Normal / MinMaxScaler / RandomOverSampler,0.6181,0.6665,0.6039,0.6599,0.5971,0.6508,0.6225,0.6720,0.5997,0.6497,0.6039,0.6599,0.5897,0.6532,0.5967,0.6565
RidgeClassifier,2 Classes IS vs W / Feature Engineering / No Scaler / Unbalanced,0.6456,0.6978,0.5723,0.6276,0.5692,0.6307,0.6209,0.6757,0.5980,0.6719,0.5723,0.6276,0.4989,0.5573,0.5343,0.5914
RidgeClassifier,2 Classes IS vs W / Feature Engineering / No Scaler / SMOTE,0.6030,0.6696,0.5913,0.6638,0.5838,0.6543,0.6087,0.6751,0.5866,0.6533,0.5913,0.6638,0.5796,0.6579,0.5854,0.6608
RidgeClassifier,2 Classes IS vs W / Feature Engineering / No Scaler / RandomOverSampler,0.6126,0.6669,0.5979,0.6610,0.5915,0.6516,0.6172,0.6724,0.5938,0.6506,0.5979,0.6610,0.5832,0.6551,0.5904,0.6580
RidgeClassifier,2 Classes IS vs W / Feature Engineering / StandardScaler / Unbalanced,0.6456,0.6978,0.5723,0.6274,0.5692,0.6305,0.6209,0.6755,0.5980,0.6721,0.5723,0.6274,0.4989,0.5569,0.5343,0.5911
RidgeClassifier,2 Classes IS vs W / Feature Engineering / StandardScaler / SMOTE,0.6263,0.6734,0.6197,0.6678,0.6098,0.6582,0.6320,0.6788,0.6131,0.6570,0.6197,0.6678,0.6131,0.6622,0.6163,0.6650
RidgeClassifier,2 Classes IS vs W / Feature Engineering / StandardScaler / RandomOverSampler,0.6139,0.6676,0.5998,0.6620,0.5930,0.6524,0.6186,0.6731,0.5956,0.6514,0.5998,0.6620,0.5857,0.6563,0.5926,0.6591
RidgeClassifier,2 Classes IS vs W / Feature Engineering / MinMaxScaler / Unbalanced,0.6525,0.6930,0.5724,0.6163,0.5671,0.6171,0.6218,0.6658,0.6125,0.6681,0.5724,0.6163,0.4924,0.5397,0.5309,0.5767
RidgeClassifier,2 Classes IS vs W / Feature Engineering / MinMaxScaler / SMOTE,0.6222,0.6710,0.6130,0.6634,0.6044,0.6547,0.6278,0.6761,0.6064,0.6534,0.6130,0.6634,0.6039,0.6557,0.6084,0.6595
RidgeClassifier,2 Classes IS vs W / Feature Engineering / MinMaxScaler / RandomOverSampler,0.6181,0.6665,0.6039,0.6599,0.5971,0.6508,0.6225,0.6720,0.5997,0.6497,0.6039,0.6599,0.5897,0.6532,0.5967,0.6565
RidgeClassifier,2 Classes S vs IW / Normal / No Scaler / Unbalanced,0.7348,0.7579,0.5030,0.5291,0.4609,0.4968,0.6551,0.6800,0.5353,0.6655,0.5030,0.5291,0.2712,0.3002,0.3693,0.3985
RidgeClassifier,2 Classes S vs IW / Normal / No Scaler / SMOTE,0.5824,0.6490,0.5473,0.6377,0.5238,0.6017,0.6073,0.6711,0.5365,0.6062,0.5473,0.6377,0.5121,0.6264,0.5291,0.6320
RidgeClassifier,2 Classes S vs IW / Normal / No Scaler / RandomOverSampler,0.5727,0.6442,0.5315,0.6228,0.5120,0.5922,0.5976,0.6658,0.5252,0.5956,0.5315,0.6228,0.4903,0.6015,0.5103,0.6121
RidgeClassifier,2 Classes S vs IW / Normal / StandardScaler / Unbalanced,0.7362,0.7565,0.5040,0.5268,0.4614,0.4929,0.6558,0.6777,0.5354,0.6553,0.5040,0.5268,0.2717,0.2970,0.3699,0.3955
RidgeClassifier,2 Classes S vs IW / Normal / StandardScaler / SMOTE,0.5604,0.6439,0.5326,0.6375,0.5064,0.5989,0.5876,0.6668,0.5245,0.6053,0.5326,0.6375,0.5049,0.6312,0.5182,0.6344
RidgeClassifier,2 Classes S vs IW / Normal / StandardScaler / RandomOverSampler,0.5727,0.6435,0.5315,0.6224,0.5120,0.5916,0.5976,0.6652,0.5252,0.5952,0.5315,0.6224,0.4903,0.6012,0.5103,0.6117
RidgeClassifier,2 Classes S vs IW / Normal / MinMaxScaler / Unbalanced,0.7362,0.7562,0.5002,0.5186,0.4526,0.4741,0.6517,0.6688,0.5276,0.6600,0.5002,0.5186,0.2642,0.2810,0.3634,0.3817
RidgeClassifier,2 Classes S vs IW / Normal / MinMaxScaler / SMOTE,0.5729,0.6521,0.5521,0.6421,0.5220,0.6053,0.5992,0.6740,0.5401,0.6096,0.5521,0.6421,0.5314,0.6320,0.5412,0.6370
RidgeClassifier,2 Classes S vs IW / Normal / MinMaxScaler / RandomOverSampler,0.5741,0.6473,0.5380,0.6291,0.5167,0.5968,0.5998,0.6689,0.5303,0.6003,0.5380,0.6291,0.5020,0.6109,0.5195,0.6199
RidgeClassifier,2 Classes S vs IW / Feature Engineering / No Scaler / Unbalanced,0.7348,0.7579,0.5030,0.5291,0.4609,0.4968,0.6551,0.6800,0.5353,0.6655,0.5030,0.5291,0.2712,0.3002,0.3693,0.3985
RidgeClassifier,2 Classes S vs IW / Feature Engineering / No Scaler / SMOTE,0.5824,0.6490,0.5473,0.6377,0.5238,0.6017,0.6073,0.6711,0.5365,0.6062,0.5473,0.6377,0.5121,0.6264,0.5291,0.6320
RidgeClassifier,2 Classes S vs IW / Feature Engineering / No Scaler / RandomOverSampler,0.5727,0.6442,0.5315,0.6228,0.5120,0.5922,0.5976,0.6658,0.5252,0.5956,0.5315,0.6228,0.4903,0.6015,0.5103,0.6121
RidgeClassifier,2 Classes S vs IW / Feature Engineering / StandardScaler / Unbalanced,0.7362,0.7565,0.5040,0.5268,0.4614,0.4929,0.6558,0.6777,0.5354,0.6553,0.5040,0.5268,0.2717,0.2970,0.3699,0.3955
RidgeClassifier,2 Classes S vs IW / Feature Engineering / StandardScaler / SMOTE,0.5604,0.6439,0.5326,0.6375,0.5064,0.5989,0.5876,0.6668,0.5245,0.6053,0.5326,0.6375,0.5049,0.6312,0.5182,0.6344
RidgeClassifier,2 Classes S vs IW / Feature Engineering / StandardScaler / RandomOverSampler,0.5727,0.6435,0.5315,0.6224,0.5120,0.5916,0.5976,0.6652,0.5252,0.5952,0.5315,0.6224,0.4903,0.6012,0.5103,0.6117
RidgeClassifier,2 Classes S vs IW / Feature Engineering / MinMaxScaler / Unbalanced,0.7362,0.7562,0.5002,0.5186,0.4526,0.4741,0.6517,0.6688,0.5276,0.6600,0.5002,0.5186,0.2642,0.2810,0.3634,0.3817
RidgeClassifier,2 Classes S vs IW / Feature Engineering / MinMaxScaler / SMOTE,0.5729,0.6521,0.5521,0.6421,0.5220,0.6053,0.5992,0.6740,0.5401,0.6096,0.5521,0.6421,0.5314,0.6320,0.5412,0.6370
RidgeClassifier,2 Classes S vs IW / Feature Engineering / MinMaxScaler / RandomOverSampler,0.5741,0.6473,0.5380,0.6291,0.5167,0.5968,0.5998,0.6689,0.5303,0.6003,0.5380,0.6291,0.5020,0.6109,0.5195,0.6199
RidgeClassifier,3 Classes / Normal / No Scaler / Unbalanced / Feature Selection,0.4505,0.5168,0.4097,0.4792,0.3885,0.4701,0.4207,0.4952,0.3933,0.5063,0.4097,0.4792,0.6850,0.7191,0.5297,0.5870
RidgeClassifier,3 Classes / Normal / StandardScaler / Unbalanced / Feature Selection,0.4492,0.5179,0.4085,0.4804,0.3872,0.4716,0.4194,0.4965,0.3905,0.5079,0.4085,0.4804,0.6846,0.7197,0.5288,0.5880
RidgeClassifier,3 Classes / Normal / MinMaxScaler / Unbalanced / Feature Selection,0.4519,0.5168,0.4117,0.4774,0.3915,0.4655,0.4224,0.4919,0.4099,0.5093,0.4117,0.4774,0.6831,0.7168,0.5302,0.5849
RidgeClassifier,3 Classes / Feature Engineering / No Scaler / Unbalanced / Feature Selection,0.4505,0.5168,0.4097,0.4792,0.3885,0.4701,0.4207,0.4952,0.3933,0.5063,0.4097,0.4792,0.6850,0.7191,0.5297,0.5870
RidgeClassifier,3 Classes / Feature Engineering / StandardScaler / Unbalanced / Feature Selection,0.4492,0.5179,0.4085,0.4804,0.3872,0.4716,0.4194,0.4965,0.3905,0.5079,0.4085,0.4804,0.6846,0.7197,0.5288,0.5880
RidgeClassifier,3 Classes / Feature Engineering / MinMaxScaler / Unbalanced / Feature Selection,0.4519,0.5168,0.4117,0.4774,0.3915,0.4655,0.4224,0.4919,0.4099,0.5093,0.4117,0.4774,0.6831,0.7168,0.5302,0.5849
RidgeClassifier,2 Classes IS vs W / Normal / No Scaler / Unbalanced / Feature Selection,0.6469,0.6906,0.5690,0.6177,0.5637,0.6195,0.6179,0.6664,0.6006,0.6624,0.5690,0.6177,0.4911,0.5448,0.5286,0.5801
RidgeClassifier,2 Classes IS vs W / Normal / No Scaler / SMOTE / Feature Selection,0.6222,0.6566,0.6122,0.6498,0.6045,0.6408,0.6280,0.6623,0.6062,0.6402,0.6122,0.6498,0.6022,0.6430,0.6072,0.6464
RidgeClassifier,2 Classes IS vs W / Normal / No Scaler / RandomOverSampler / Feature Selection,0.6098,0.6655,0.5991,0.6612,0.5913,0.6510,0.6154,0.6713,0.5940,0.6504,0.5991,0.6612,0.5885,0.6569,0.5937,0.6591
RidgeClassifier,2 Classes IS vs W / Normal / StandardScaler / Unbalanced / Feature Selection,0.6469,0.6909,0.5690,0.6180,0.5637,0.6198,0.6179,0.6667,0.6006,0.6630,0.5690,0.6180,0.4911,0.5450,0.5286,0.5803
RidgeClassifier,2 Classes IS vs W / Normal / StandardScaler / SMOTE / Feature Selection,0.6222,0.6683,0.6130,0.6599,0.6048,0.6516,0.6280,0.6733,0.6067,0.6504,0.6130,0.6599,0.6039,0.6516,0.6084,0.6557
RidgeClassifier,2 Classes IS vs W / Normal / StandardScaler / RandomOverSampler / Feature Selection,0.6098,0.6648,0.5991,0.6607,0.5913,0.6504,0.6154,0.6707,0.5940,0.6498,0.5991,0.6607,0.5885,0.6565,0.5937,0.6586
RidgeClassifier,2 Classes IS vs W / Normal / MinMaxScaler / Unbalanced / Feature Selection,0.6469,0.6889,0.5622,0.6091,0.5528,0.6081,0.6112,0.6589,0.6022,0.6634,0.5622,0.6091,0.4774,0.5293,0.5180,0.5678
RidgeClassifier,2 Classes IS vs W / Normal / MinMaxScaler / SMOTE / Feature Selection,0.6139,0.6672,0.6057,0.6593,0.5974,0.6507,0.6202,0.6723,0.5999,0.6498,0.6057,0.6593,0.5975,0.6515,0.6016,0.6554
RidgeClassifier,2 Classes IS vs W / Normal / MinMaxScaler / RandomOverSampler / Feature Selection,0.6098,0.6665,0.5983,0.6597,0.5902,0.6507,0.6148,0.6719,0.5937,0.6496,0.5983,0.6597,0.5868,0.6528,0.5925,0.6562
RidgeClassifier,2 Classes IS vs W / Feature Engineering / No Scaler / Unbalanced / Feature Selection,0.6469,0.6906,0.5690,0.6177,0.5637,0.6195,0.6179,0.6664,0.6006,0.6624,0.5690,0.6177,0.4911,0.5448,0.5286,0.5801
RidgeClassifier,2 Classes IS vs W / Feature Engineering / No Scaler / SMOTE / Feature Selection,0.6222,0.6566,0.6122,0.6498,0.6045,0.6408,0.6280,0.6623,0.6062,0.6402,0.6122,0.6498,0.6022,0.6430,0.6072,0.6464
RidgeClassifier,2 Classes IS vs W / Feature Engineering / No Scaler / RandomOverSampler / Feature Selection,0.6098,0.6655,0.5991,0.6612,0.5913,0.6510,0.6154,0.6713,0.5940,0.6504,0.5991,0.6612,0.5885,0.6569,0.5937,0.6591
RidgeClassifier,2 Classes IS vs W / Feature Engineering / StandardScaler / Unbalanced / Feature Selection,0.6469,0.6909,0.5690,0.6180,0.5637,0.6198,0.6179,0.6667,0.6006,0.6630,0.5690,0.6180,0.4911,0.5450,0.5286,0.5803
RidgeClassifier,2 Classes IS vs W / Feature Engineering / StandardScaler / SMOTE / Feature Selection,0.6222,0.6683,0.6130,0.6599,0.6048,0.6516,0.6280,0.6733,0.6067,0.6504,0.6130,0.6599,0.6039,0.6516,0.6084,0.6557
RidgeClassifier,2 Classes IS vs W / Feature Engineering / StandardScaler / RandomOverSampler / Feature Selection,0.6098,0.6648,0.5991,0.6607,0.5913,0.6504,0.6154,0.6707,0.5940,0.6498,0.5991,0.6607,0.5885,0.6565,0.5937,0.6586
RidgeClassifier,2 Classes IS vs W / Feature Engineering / MinMaxScaler / Unbalanced / Feature Selection,0.6469,0.6889,0.5622,0.6091,0.5528,0.6081,0.6112,0.6589,0.6022,0.6634,0.5622,0.6091,0.4774,0.5293,0.5180,0.5678
RidgeClassifier,2 Classes IS vs W / Feature Engineering / MinMaxScaler / SMOTE / Feature Selection,0.6139,0.6672,0.6057,0.6593,0.5974,0.6507,0.6202,0.6723,0.5999,0.6498,0.6057,0.6593,0.5975,0.6515,0.6016,0.6554
RidgeClassifier,2 Classes IS vs W / Feature Engineering / MinMaxScaler / RandomOverSampler / Feature Selection,0.6098,0.6665,0.5983,0.6597,0.5902,0.6507,0.6148,0.6719,0.5937,0.6496,0.5983,0.6597,0.5868,0.6528,0.5925,0.6562
RidgeClassifier,2 Classes S vs IW / Normal / No Scaler / Unbalanced / Feature Selection,0.7362,0.7545,0.4984,0.5203,0.4478,0.4798,0.6495,0.6709,0.4827,0.6435,0.4984,0.5203,0.2605,0.2861,0.3602,0.3857
RidgeClassifier,2 Classes S vs IW / Normal / No Scaler / SMOTE / Feature Selection,0.5672,0.6284,0.5484,0.6203,0.5189,0.5831,0.5947,0.6525,0.5372,0.5919,0.5484,0.6203,0.5295,0.6121,0.5387,0.6162
RidgeClassifier,2 Classes S vs IW / Normal / No Scaler / RandomOverSampler / Feature Selection,0.5700,0.6332,0.5539,0.6142,0.5232,0.5826,0.5981,0.6561,0.5409,0.5882,0.5539,0.6142,0.5379,0.5951,0.5457,0.6045
RidgeClassifier,2 Classes S vs IW / Normal / StandardScaler / Unbalanced / Feature Selection,0.7362,0.7541,0.4984,0.5196,0.4478,0.4785,0.6495,0.6701,0.4827,0.6401,0.4984,0.5196,0.2605,0.2850,0.3602,0.3847
RidgeClassifier,2 Classes S vs IW / Normal / StandardScaler / SMOTE / Feature Selection,0.5672,0.6288,0.5428,0.6177,0.5161,0.5821,0.5947,0.6527,0.5328,0.5901,0.5428,0.6177,0.5183,0.6066,0.5302,0.6121
RidgeClassifier,2 Classes S vs IW / Normal / StandardScaler / RandomOverSampler / Feature Selection,0.5700,0.6339,0.5539,0.6151,0.5232,0.5834,0.5981,0.6567,0.5409,0.5889,0.5539,0.6151,0.5379,0.5962,0.5457,0.6056
RidgeClassifier,2 Classes S vs IW / Normal / MinMaxScaler / Unbalanced / Feature Selection,0.7403,0.7538,0.4992,0.5123,0.4453,0.4614,0.6497,0.6620,0.5095,0.6412,0.4992,0.5123,0.2581,0.2709,0.3589,0.3725
RidgeClassifier,2 Classes S vs IW / Normal / MinMaxScaler / SMOTE / Feature Selection,0.5727,0.6353,0.5576,0.6258,0.5254,0.5891,0.6000,0.6587,0.5439,0.5963,0.5576,0.6258,0.5425,0.6163,0.5497,0.6210
RidgeClassifier,2 Classes S vs IW / Normal / MinMaxScaler / RandomOverSampler / Feature Selection,0.5672,0.6381,0.5484,0.6211,0.5192,0.5883,0.5955,0.6606,0.5367,0.5935,0.5484,0.6211,0.5295,0.6041,0.5388,0.6125
RidgeClassifier,2 Classes S vs IW / Feature Engineering / No Scaler / Unbalanced / Feature Selection,0.7362,0.7545,0.4984,0.5203,0.4478,0.4798,0.6495,0.6709,0.4827,0.6435,0.4984,0.5203,0.2605,0.2861,0.3602,0.3857
RidgeClassifier,2 Classes S vs IW / Feature Engineering / No Scaler / SMOTE / Feature Selection,0.5672,0.6284,0.5484,0.6203,0.5189,0.5831,0.5947,0.6525,0.5372,0.5919,0.5484,0.6203,0.5295,0.6121,0.5387,0.6162
RidgeClassifier,2 Classes S vs IW / Feature Engineering / No Scaler / RandomOverSampler / Feature Selection,0.5700,0.6332,0.5539,0.6142,0.5232,0.5826,0.5981,0.6561,0.5409,0.5882,0.5539,0.6142,0.5379,0.5951,0.5457,0.6045
RidgeClassifier,2 Classes S vs IW / Feature Engineering / StandardScaler / Unbalanced / Feature Selection,0.7362,0.7541,0.4984,0.5196,0.4478,0.4785,0.6495,0.6701,0.4827,0.6401,0.4984,0.5196,0.2605,0.2850,0.3602,0.3847
RidgeClassifier,2 Classes S vs IW / Feature Engineering / StandardScaler / SMOTE / Feature Selection,0.5672,0.6288,0.5428,0.6177,0.5161,0.5821,0.5947,0.6527,0.5328,0.5901,0.5428,0.6177,0.5183,0.6066,0.5302,0.6121
RidgeClassifier,2 Classes S vs IW / Feature Engineering / StandardScaler / RandomOverSampler / Feature Selection,0.5700,0.6339,0.5539,0.6151,0.5232,0.5834,0.5981,0.6567,0.5409,0.5889,0.5539,0.6151,0.5379,0.5962,0.5457,0.6056
RidgeClassifier,2 Classes S vs IW / Feature Engineering / MinMaxScaler / Unbalanced / Feature Selection,0.7403,0.7538,0.4992,0.5123,0.4453,0.4614,0.6497,0.6620,0.5095,0.6412,0.4992,0.5123,0.2581,0.2709,0.3589,0.3725
RidgeClassifier,2 Classes S vs IW / Feature Engineering / MinMaxScaler / SMOTE / Feature Selection,0.5727,0.6353,0.5576,0.6258,0.5254,0.5891,0.6000,0.6587,0.5439,0.5963,0.5576,0.6258,0.5425,0.6163,0.5497,0.6210
RidgeClassifier,2 Classes S vs IW / Feature Engineering / MinMaxScaler / RandomOverSampler / Feature Selection,0.5672,0.6381,0.5484,0.6211,0.5192,0.5883,0.5955,0.6606,0.5367,0.5935,0.5484,0.6211,0.5295,0.6041,0.5388,0.6125
SVC,3 Classes / Normal / No Scaler / Unbalanced,0.4299,0.5364,0.3946,0.5046,0.3769,0.4996,0.4060,0.5203,0.3909,0.5318,0.3946,0.5046,0.6796,0.7339,0.5175,0.6085
SVC,3 Classes / Normal / StandardScaler / Unbalanced,0.4285,0.5364,0.3926,0.5033,0.3752,0.4973,0.4050,0.5189,0.3877,0.5306,0.3926,0.5033,0.6799,0.7329,0.5164,0.6073
SVC,3 Classes / Normal / MinMaxScaler / Unbalanced,0.4340,0.5285,0.3902,0.4821,0.3626,0.4618,0.3971,0.4934,0.3672,0.5264,0.3902,0.4821,0.6700,0.7176,0.5111,0.5881
SVC,3 Classes / Feature Engineering / No Scaler / Unbalanced,0.4299,0.5364,0.3946,0.5046,0.3769,0.4996,0.4060,0.5203,0.3909,0.5318,0.3946,0.5046,0.6796,0.7339,0.5175,0.6085
SVC,3 Classes / Feature Engineering / StandardScaler / Unbalanced,0.4285,0.5364,0.3926,0.5033,0.3752,0.4973,0.4050,0.5189,0.3877,0.5306,0.3926,0.5033,0.6799,0.7329,0.5164,0.6073
SVC,3 Classes / Feature Engineering / MinMaxScaler / Unbalanced,0.4340,0.5285,0.3902,0.4821,0.3626,0.4618,0.3971,0.4934,0.3672,0.5264,0.3902,0.4821,0.6700,0.7176,0.5111,0.5881
SVC,2 Classes IS vs W / Normal / No Scaler / Unbalanced,0.6662,0.6823,0.5660,0.5826,0.5461,0.5648,0.6125,0.6293,0.6592,0.6707,0.5660,0.5826,0.4658,0.4830,0.5134,0.5304
SVC,2 Classes IS vs W / Normal / No Scaler / SMOTE,0.6167,0.6659,0.6079,0.6675,0.5994,0.6540,0.6227,0.6722,0.6015,0.6551,0.6079,0.6675,0.5992,0.6691,0.6035,0.6683
SVC,2 Classes IS vs W / Normal / No Scaler / RandomOverSampler,0.5947,0.6693,0.5900,0.6706,0.5792,0.6573,0.6015,0.6756,0.5839,0.6579,0.5900,0.6706,0.5852,0.6718,0.5875,0.6712
SVC,2 Classes IS vs W / Normal / StandardScaler / Unbalanced,0.6634,0.6813,0.5630,0.5810,0.5424,0.5628,0.6094,0.6277,0.6477,0.6690,0.5630,0.5810,0.4625,0.4807,0.5103,0.5284
SVC,2 Classes IS vs W / Normal / StandardScaler / SMOTE,0.6208,0.6775,0.6188,0.6789,0.6070,0.6654,0.6273,0.6835,0.6115,0.6658,0.6188,0.6789,0.6168,0.6803,0.6178,0.6796
SVC,2 Classes IS vs W / Normal / StandardScaler / RandomOverSampler,0.5961,0.6710,0.5868,0.6715,0.5780,0.6587,0.6022,0.6772,0.5817,0.6591,0.5868,0.6715,0.5775,0.6719,0.5820,0.6717
SVC,2 Classes IS vs W / Normal / MinMaxScaler / Unbalanced,0.6703,0.6758,0.5641,0.5701,0.5385,0.5471,0.6088,0.6161,0.6628,0.6650,0.5641,0.5701,0.4579,0.4644,0.5082,0.5145
SVC,2 Classes IS vs W / Normal / MinMaxScaler / SMOTE,0.6236,0.6710,0.6184,0.6681,0.6086,0.6568,0.6301,0.6766,0.6109,0.6567,0.6184,0.6681,0.6132,0.6651,0.6157,0.6666
SVC,2 Classes IS vs W / Normal / MinMaxScaler / RandomOverSampler,0.6002,0.6731,0.5866,0.6677,0.5791,0.6580,0.6048,0.6784,0.5832,0.6572,0.5866,0.6677,0.5729,0.6624,0.5796,0.6650
SVC,2 Classes IS vs W / Feature Engineering / No Scaler / Unbalanced,0.6662,0.6823,0.5660,0.5826,0.5461,0.5648,0.6125,0.6293,0.6592,0.6707,0.5660,0.5826,0.4658,0.4830,0.5134,0.5304
SVC,2 Classes IS vs W / Feature Engineering / No Scaler / SMOTE,0.6167,0.6659,0.6079,0.6675,0.5994,0.6540,0.6227,0.6722,0.6015,0.6551,0.6079,0.6675,0.5992,0.6691,0.6035,0.6683
SVC,2 Classes IS vs W / Feature Engineering / No Scaler / RandomOverSampler,0.5947,0.6693,0.5900,0.6706,0.5792,0.6573,0.6015,0.6756,0.5839,0.6579,0.5900,0.6706,0.5852,0.6718,0.5875,0.6712
SVC,2 Classes IS vs W / Feature Engineering / StandardScaler / Unbalanced,0.6634,0.6813,0.5630,0.5810,0.5424,0.5628,0.6094,0.6277,0.6477,0.6690,0.5630,0.5810,0.4625,0.4807,0.5103,0.5284
SVC,2 Classes IS vs W / Feature Engineering / StandardScaler / SMOTE,0.6208,0.6775,0.6188,0.6789,0.6070,0.6654,0.6273,0.6835,0.6115,0.6658,0.6188,0.6789,0.6168,0.6803,0.6178,0.6796
SVC,2 Classes IS vs W / Feature Engineering / StandardScaler / RandomOverSampler,0.5961,0.6710,0.5868,0.6715,0.5780,0.6587,0.6022,0.6772,0.5817,0.6591,0.5868,0.6715,0.5775,0.6719,0.5820,0.6717
SVC,2 Classes IS vs W / Feature Engineering / MinMaxScaler / Unbalanced,0.6703,0.6758,0.5641,0.5701,0.5385,0.5471,0.6088,0.6161,0.6628,0.6650,0.5641,0.5701,0.4579,0.4644,0.5082,0.5145
SVC,2 Classes IS vs W / Feature Engineering / MinMaxScaler / SMOTE,0.6236,0.6710,0.6184,0.6681,0.6086,0.6568,0.6301,0.6766,0.6109,0.6567,0.6184,0.6681,0.6132,0.6651,0.6157,0.6666
SVC,2 Classes IS vs W / Feature Engineering / MinMaxScaler / RandomOverSampler,0.6002,0.6731,0.5866,0.6677,0.5791,0.6580,0.6048,0.6784,0.5832,0.6572,0.5866,0.6677,0.5729,0.6624,0.5796,0.6650
SVC,2 Classes S vs IW / Normal / No Scaler / Unbalanced,0.7431,0.7531,0.4936,0.5021,0.4263,0.4349,0.6418,0.6492,0.3751,0.4934,0.4936,0.5021,0.2441,0.2511,0.3471,0.3551
SVC,2 Classes S vs IW / Normal / No Scaler / SMOTE,0.5453,0.6387,0.5114,0.6476,0.4896,0.6003,0.5734,0.6629,0.5086,0.6115,0.5114,0.6476,0.4776,0.6566,0.4939,0.6521
SVC,2 Classes S vs IW / Normal / No Scaler / RandomOverSampler,0.5742,0.6490,0.5399,0.6340,0.5176,0.5998,0.6001,0.6706,0.5315,0.6039,0.5399,0.6340,0.5057,0.6189,0.5224,0.6264
SVC,2 Classes S vs IW / Normal / StandardScaler / Unbalanced,0.7431,0.7531,0.4936,0.5021,0.4263,0.4349,0.6418,0.6492,0.3751,0.4934,0.4936,0.5021,0.2441,0.2511,0.3471,0.3551
SVC,2 Classes S vs IW / Normal / StandardScaler / SMOTE,0.5275,0.6308,0.5015,0.6382,0.4775,0.5920,0.5580,0.6554,0.5011,0.6044,0.5015,0.6382,0.4754,0.6456,0.4880,0.6418
SVC,2 Classes S vs IW / Normal / StandardScaler / RandomOverSampler,0.5728,0.6456,0.5446,0.6303,0.5189,0.5964,0.5990,0.6675,0.5347,0.6009,0.5446,0.6303,0.5165,0.6150,0.5301,0.6226
SVC,2 Classes S vs IW / Normal / MinMaxScaler / Unbalanced,0.7458,0.7531,0.4954,0.5012,0.4272,0.4322,0.6431,0.6480,0.3755,0.4433,0.4954,0.5012,0.2450,0.2492,0.3484,0.3534
SVC,2 Classes S vs IW / Normal / MinMaxScaler / SMOTE,0.5357,0.6377,0.5274,0.6414,0.4933,0.5969,0.5664,0.6614,0.5203,0.6074,0.5274,0.6414,0.5191,0.6450,0.5229,0.6431
SVC,2 Classes S vs IW / Normal / MinMaxScaler / RandomOverSampler,0.5728,0.6367,0.5465,0.6262,0.5210,0.5897,0.6000,0.6596,0.5360,0.5971,0.5465,0.6262,0.5202,0.6158,0.5331,0.6209
SVC,2 Classes S vs IW / Feature Engineering / No Scaler / Unbalanced,0.7431,0.7531,0.4936,0.5021,0.4263,0.4349,0.6418,0.6492,0.3751,0.4934,0.4936,0.5021,0.2441,0.2511,0.3471,0.3551
SVC,2 Classes S vs IW / Feature Engineering / No Scaler / SMOTE,0.5453,0.6387,0.5114,0.6476,0.4896,0.6003,0.5734,0.6629,0.5086,0.6115,0.5114,0.6476,0.4776,0.6566,0.4939,0.6521
SVC,2 Classes S vs IW / Feature Engineering / No Scaler / RandomOverSampler,0.5742,0.6490,0.5399,0.6340,0.5176,0.5998,0.6001,0.6706,0.5315,0.6039,0.5399,0.6340,0.5057,0.6189,0.5224,0.6264
SVC,2 Classes S vs IW / Feature Engineering / StandardScaler / Unbalanced,0.7431,0.7531,0.4936,0.5021,0.4263,0.4349,0.6418,0.6492,0.3751,0.4934,0.4936,0.5021,0.2441,0.2511,0.3471,0.3551
SVC,2 Classes S vs IW / Feature Engineering / StandardScaler / SMOTE,0.5275,0.6308,0.5015,0.6382,0.4775,0.5920,0.5580,0.6554,0.5011,0.6044,0.5015,0.6382,0.4754,0.6456,0.4880,0.6418
SVC,2 Classes S vs IW / Feature Engineering / StandardScaler / RandomOverSampler,0.5728,0.6456,0.5446,0.6303,0.5189,0.5964,0.5990,0.6675,0.5347,0.6009,0.5446,0.6303,0.5165,0.6150,0.5301,0.6226
SVC,2 Classes S vs IW / Feature Engineering / MinMaxScaler / Unbalanced,0.7458,0.7531,0.4954,0.5012,0.4272,0.4322,0.6431,0.6480,0.3755,0.4433,0.4954,0.5012,0.2450,0.2492,0.3484,0.3534
SVC,2 Classes S vs IW / Feature Engineering / MinMaxScaler / SMOTE,0.5357,0.6377,0.5274,0.6414,0.4933,0.5969,0.5664,0.6614,0.5203,0.6074,0.5274,0.6414,0.5191,0.6450,0.5229,0.6431
SVC,2 Classes S vs IW / Feature Engineering / MinMaxScaler / RandomOverSampler,0.5728,0.6367,0.5465,0.6262,0.5210,0.5897,0.6000,0.6596,0.5360,0.5971,0.5465,0.6262,0.5202,0.6158,0.5331,0.6209
SVC,3 Classes / Normal / No Scaler / Unbalanced / Feature Selection,0.4409,0.5134,0.4003,0.4716,0.3777,0.4531,0.4109,0.4825,0.3798,0.5024,0.4003,0.4716,0.6809,0.7132,0.5218,0.5799
SVC,3 Classes / Normal / StandardScaler / Unbalanced / Feature Selection,0.4450,0.5165,0.4027,0.4732,0.3776,0.4529,0.4117,0.4836,0.3820,0.4973,0.4027,0.4732,0.6802,0.7142,0.5230,0.5813
SVC,3 Classes / Normal / MinMaxScaler / Unbalanced / Feature Selection,0.4477,0.5100,0.4000,0.4603,0.3635,0.4300,0.4017,0.4666,0.3579,0.4986,0.4000,0.4603,0.6721,0.7058,0.5183,0.5699
SVC,3 Classes / Feature Engineering / No Scaler / Unbalanced / Feature Selection,0.4409,0.5134,0.4003,0.4716,0.3777,0.4531,0.4109,0.4825,0.3798,0.5024,0.4003,0.4716,0.6809,0.7132,0.5218,0.5799
SVC,3 Classes / Feature Engineering / StandardScaler / Unbalanced / Feature Selection,0.4450,0.5165,0.4027,0.4732,0.3776,0.4529,0.4117,0.4836,0.3820,0.4973,0.4027,0.4732,0.6802,0.7142,0.5230,0.5813
SVC,3 Classes / Feature Engineering / MinMaxScaler / Unbalanced / Feature Selection,0.4477,0.5100,0.4000,0.4603,0.3635,0.4300,0.4017,0.4666,0.3579,0.4986,0.4000,0.4603,0.6721,0.7058,0.5183,0.5699
SVC,2 Classes IS vs W / Normal / No Scaler / Unbalanced / Feature Selection,0.6648,0.6799,0.5632,0.5786,0.5419,0.5598,0.6095,0.6254,0.6493,0.6675,0.5632,0.5786,0.4616,0.4773,0.5099,0.5255
SVC,2 Classes IS vs W / Normal / No Scaler / SMOTE / Feature Selection,0.6208,0.6583,0.6188,0.6607,0.6074,0.6467,0.6279,0.6649,0.6103,0.6487,0.6188,0.6607,0.6168,0.6632,0.6178,0.6619
SVC,2 Classes IS vs W / Normal / No Scaler / RandomOverSampler / Feature Selection,0.6016,0.6597,0.5945,0.6601,0.5849,0.6473,0.6079,0.6661,0.5887,0.6484,0.5945,0.6601,0.5873,0.6605,0.5908,0.6603
SVC,2 Classes IS vs W / Normal / StandardScaler / Unbalanced / Feature Selection,0.6634,0.6803,0.5621,0.5791,0.5409,0.5604,0.6085,0.6259,0.6472,0.6680,0.5621,0.5791,0.4608,0.4780,0.5090,0.5261
SVC,2 Classes IS vs W / Normal / StandardScaler / SMOTE / Feature Selection,0.6140,0.6604,0.6143,0.6611,0.6017,0.6478,0.6212,0.6666,0.6063,0.6496,0.6143,0.6611,0.6146,0.6617,0.6145,0.6614
SVC,2 Classes IS vs W / Normal / StandardScaler / RandomOverSampler / Feature Selection,0.6043,0.6611,0.5957,0.6605,0.5867,0.6482,0.6101,0.6673,0.5905,0.6490,0.5957,0.6605,0.5872,0.6600,0.5914,0.6602
SVC,2 Classes IS vs W / Normal / MinMaxScaler / Unbalanced / Feature Selection,0.6703,0.6755,0.5641,0.5696,0.5385,0.5464,0.6088,0.6155,0.6628,0.6643,0.5641,0.5696,0.4579,0.4637,0.5082,0.5139
SVC,2 Classes IS vs W / Normal / MinMaxScaler / SMOTE / Feature Selection,0.6085,0.6696,0.6075,0.6706,0.5952,0.6571,0.6154,0.6755,0.6004,0.6586,0.6075,0.6706,0.6065,0.6716,0.6069,0.6711
SVC,2 Classes IS vs W / Normal / MinMaxScaler / RandomOverSampler / Feature Selection,0.6002,0.6580,0.5900,0.6558,0.5812,0.6444,0.6056,0.6641,0.5852,0.6449,0.5900,0.6558,0.5797,0.6535,0.5848,0.6546
SVC,2 Classes IS vs W / Feature Engineering / No Scaler / Unbalanced / Feature Selection,0.6648,0.6799,0.5632,0.5786,0.5419,0.5598,0.6095,0.6254,0.6493,0.6675,0.5632,0.5786,0.4616,0.4773,0.5099,0.5255
SVC,2 Classes IS vs W / Feature Engineering / No Scaler / SMOTE / Feature Selection,0.6208,0.6583,0.6188,0.6607,0.6074,0.6467,0.6279,0.6649,0.6103,0.6487,0.6188,0.6607,0.6168,0.6632,0.6178,0.6619
SVC,2 Classes IS vs W / Feature Engineering / No Scaler / RandomOverSampler / Feature Selection,0.6016,0.6597,0.5945,0.6601,0.5849,0.6473,0.6079,0.6661,0.5887,0.6484,0.5945,0.6601,0.5873,0.6605,0.5908,0.6603
SVC,2 Classes IS vs W / Feature Engineering / StandardScaler / Unbalanced / Feature Selection,0.6634,0.6803,0.5621,0.5791,0.5409,0.5604,0.6085,0.6259,0.6472,0.6680,0.5621,0.5791,0.4608,0.4780,0.5090,0.5261
SVC,2 Classes IS vs W / Feature Engineering / StandardScaler / SMOTE / Feature Selection,0.6140,0.6604,0.6143,0.6611,0.6017,0.6478,0.6212,0.6666,0.6063,0.6496,0.6143,0.6611,0.6146,0.6617,0.6145,0.6614
SVC,2 Classes IS vs W / Feature Engineering / StandardScaler / RandomOverSampler / Feature Selection,0.6043,0.6611,0.5957,0.6605,0.5867,0.6482,0.6101,0.6673,0.5905,0.6490,0.5957,0.6605,0.5872,0.6600,0.5914,0.6602
SVC,2 Classes IS vs W / Feature Engineering / MinMaxScaler / Unbalanced / Feature Selection,0.6703,0.6755,0.5641,0.5696,0.5385,0.5464,0.6088,0.6155,0.6628,0.6643,0.5641,0.5696,0.4579,0.4637,0.5082,0.5139
SVC,2 Classes IS vs W / Feature Engineering / MinMaxScaler / SMOTE / Feature Selection,0.6085,0.6696,0.6075,0.6706,0.5952,0.6571,0.6154,0.6755,0.6004,0.6586,0.6075,0.6706,0.6065,0.6716,0.6069,0.6711
SVC,2 Classes IS vs W / Feature Engineering / MinMaxScaler / RandomOverSampler / Feature Selection,0.6002,0.6580,0.5900,0.6558,0.5812,0.6444,0.6056,0.6641,0.5852,0.6449,0.5900,0.6558,0.5797,0.6535,0.5848,0.6546
SVC,2 Classes S vs IW / Normal / No Scaler / Unbalanced / Feature Selection,0.7431,0.7531,0.4936,0.5021,0.4263,0.4349,0.6418,0.6492,0.3751,0.4934,0.4936,0.5021,0.2441,0.2511,0.3471,0.3551
SVC,2 Classes S vs IW / Normal / No Scaler / SMOTE / Feature Selection,0.5714,0.6267,0.5530,0.6266,0.5238,0.5850,0.5994,0.6513,0.5406,0.5962,0.5530,0.6266,0.5346,0.6265,0.5437,0.6265
SVC,2 Classes S vs IW / Normal / No Scaler / RandomOverSampler / Feature Selection,0.5810,0.6291,0.5725,0.6217,0.5374,0.5841,0.6086,0.6532,0.5550,0.5928,0.5725,0.6217,0.5639,0.6142,0.5681,0.6179
SVC,2 Classes S vs IW / Normal / StandardScaler / Unbalanced / Feature Selection,0.7431,0.7531,0.4936,0.5021,0.4263,0.4349,0.6418,0.6492,0.3751,0.4934,0.4936,0.5021,0.2441,0.2511,0.3471,0.3551
SVC,2 Classes S vs IW / Normal / StandardScaler / SMOTE / Feature Selection,0.5755,0.6250,0.5632,0.6231,0.5294,0.5826,0.6024,0.6497,0.5484,0.5935,0.5632,0.6231,0.5509,0.6213,0.5567,0.6222
SVC,2 Classes S vs IW / Normal / StandardScaler / RandomOverSampler / Feature Selection,0.5796,0.6288,0.5716,0.6214,0.5363,0.5838,0.6075,0.6529,0.5542,0.5926,0.5716,0.6214,0.5635,0.6141,0.5674,0.6178
SVC,2 Classes S vs IW / Normal / MinMaxScaler / Unbalanced / Feature Selection,0.7458,0.7531,0.4954,0.5012,0.4272,0.4322,0.6431,0.6480,0.3755,0.4433,0.4954,0.5012,0.2450,0.2492,0.3484,0.3534
SVC,2 Classes S vs IW / Normal / MinMaxScaler / SMOTE / Feature Selection,0.5659,0.6260,0.5643,0.6275,0.5255,0.5851,0.5947,0.6509,0.5484,0.5965,0.5643,0.6275,0.5627,0.6291,0.5633,0.6283
SVC,2 Classes S vs IW / Normal / MinMaxScaler / RandomOverSampler / Feature Selection,0.5796,0.6339,0.5734,0.6281,0.5365,0.5893,0.6075,0.6576,0.5554,0.5978,0.5734,0.6281,0.5673,0.6223,0.5702,0.6252
SVC,2 Classes S vs IW / Feature Engineering / No Scaler / Unbalanced / Feature Selection,0.7431,0.7531,0.4936,0.5021,0.4263,0.4349,0.6418,0.6492,0.3751,0.4934,0.4936,0.5021,0.2441,0.2511,0.3471,0.3551
SVC,2 Classes S vs IW / Feature Engineering / No Scaler / SMOTE / Feature Selection,0.5714,0.6267,0.5530,0.6266,0.5238,0.5850,0.5994,0.6513,0.5406,0.5962,0.5530,0.6266,0.5346,0.6265,0.5437,0.6265
SVC,2 Classes S vs IW / Feature Engineering / No Scaler / RandomOverSampler / Feature Selection,0.5810,0.6291,0.5725,0.6217,0.5374,0.5841,0.6086,0.6532,0.5550,0.5928,0.5725,0.6217,0.5639,0.6142,0.5681,0.6179
SVC,2 Classes S vs IW / Feature Engineering / StandardScaler / Unbalanced / Feature Selection,0.7431,0.7531,0.4936,0.5021,0.4263,0.4349,0.6418,0.6492,0.3751,0.4934,0.4936,0.5021,0.2441,0.2511,0.3471,0.3551
SVC,2 Classes S vs IW / Feature Engineering / StandardScaler / SMOTE / Feature Selection,0.5755,0.6250,0.5632,0.6231,0.5294,0.5826,0.6024,0.6497,0.5484,0.5935,0.5632,0.6231,0.5509,0.6213,0.5567,0.6222
SVC,2 Classes S vs IW / Feature Engineering / StandardScaler / RandomOverSampler / Feature Selection,0.5796,0.6288,0.5716,0.6214,0.5363,0.5838,0.6075,0.6529,0.5542,0.5926,0.5716,0.6214,0.5635,0.6141,0.5674,0.6178
SVC,2 Classes S vs IW / Feature Engineering / MinMaxScaler / Unbalanced / Feature Selection,0.7458,0.7531,0.4954,0.5012,0.4272,0.4322,0.6431,0.6480,0.3755,0.4433,0.4954,0.5012,0.2450,0.2492,0.3484,0.3534
SVC,2 Classes S vs IW / Feature Engineering / MinMaxScaler / SMOTE / Feature Selection,0.5659,0.6260,0.5643,0.6275,0.5255,0.5851,0.5947,0.6509,0.5484,0.5965,0.5643,0.6275,0.5627,0.6291,0.5633,0.6283
SVC,2 Classes S vs IW / Feature Engineering / MinMaxScaler / RandomOverSampler / Feature Selection,0.5796,0.6339,0.5734,0.6281,0.5365,0.5893,0.6075,0.6576,0.5554,0.5978,0.5734,0.6281,0.5673,0.6223,0.5702,0.6252
GaussianNB,3 Classes / Normal / No Scaler / Unbalanced,0.3900,0.4588,0.3631,0.4335,0.3211,0.4005,0.3393,0.4183,0.3690,0.4911,0.3631,0.4335,0.6611,0.6990,0.4896,0.5505
GaussianNB,3 Classes / Normal / StandardScaler / Unbalanced,0.3818,0.4334,0.3574,0.4112,0.2922,0.3523,0.3076,0.3664,0.3517,0.5012,0.3574,0.4112,0.6604,0.6887,0.4854,0.5321
GaussianNB,3 Classes / Normal / MinMaxScaler / Unbalanced,0.3790,0.4310,0.3544,0.4091,0.2868,0.3465,0.3026,0.3597,0.3443,0.5137,0.3544,0.4091,0.6591,0.6873,0.4829,0.5302
GaussianNB,3 Classes / Feature Engineering / No Scaler / Unbalanced,0.3900,0.4588,0.3631,0.4335,0.3211,0.4005,0.3393,0.4183,0.3690,0.4911,0.3631,0.4335,0.6611,0.6990,0.4896,0.5505
GaussianNB,3 Classes / Feature Engineering / StandardScaler / Unbalanced,0.3818,0.4334,0.3574,0.4112,0.2922,0.3523,0.3076,0.3664,0.3517,0.5012,0.3574,0.4112,0.6604,0.6887,0.4854,0.5321
GaussianNB,3 Classes / Feature Engineering / MinMaxScaler / Unbalanced,0.3790,0.4310,0.3544,0.4091,0.2868,0.3465,0.3026,0.3597,0.3443,0.5137,0.3544,0.4091,0.6591,0.6873,0.4829,0.5302
GaussianNB,2 Classes IS vs W / Normal / No Scaler / Unbalanced,0.5453,0.5986,0.5292,0.5852,0.4909,0.5449,0.5163,0.5686,0.5505,0.6207,0.5292,0.5852,0.5131,0.5719,0.5197,0.5771
GaussianNB,2 Classes IS vs W / Normal / No Scaler / SMOTE,0.5247,0.5536,0.5542,0.5859,0.5008,0.5326,0.5024,0.5344,0.5506,0.5950,0.5542,0.5859,0.5836,0.6183,0.5680,0.6012
GaussianNB,2 Classes IS vs W / Normal / No Scaler / RandomOverSampler,0.5069,0.5584,0.5300,0.5839,0.4726,0.5202,0.4739,0.5213,0.5148,0.6065,0.5300,0.5839,0.5532,0.6094,0.5404,0.5953
GaussianNB,2 Classes IS vs W / Normal / StandardScaler / Unbalanced,0.5123,0.5591,0.5138,0.5616,0.4382,0.4866,0.4484,0.4963,0.5048,0.6075,0.5138,0.5616,0.5153,0.5641,0.5123,0.5606
GaussianNB,2 Classes IS vs W / Normal / StandardScaler / SMOTE,0.5041,0.5385,0.5423,0.5810,0.4742,0.5099,0.4698,0.5043,0.5310,0.5983,0.5423,0.5810,0.5806,0.6236,0.5602,0.6010
GaussianNB,2 Classes IS vs W / Normal / StandardScaler / RandomOverSampler,0.5055,0.5467,0.5332,0.5761,0.4656,0.5009,0.4634,0.4975,0.5169,0.5943,0.5332,0.5761,0.5610,0.6055,0.5457,0.5892
GaussianNB,2 Classes IS vs W / Normal / MinMaxScaler / Unbalanced,0.5123,0.5550,0.5138,0.5586,0.4382,0.4801,0.4484,0.4883,0.5048,0.6010,0.5138,0.5586,0.5153,0.5622,0.5123,0.5581
GaussianNB,2 Classes IS vs W / Normal / MinMaxScaler / SMOTE,0.4766,0.5254,0.5252,0.5769,0.4509,0.4995,0.4415,0.4898,0.5077,0.5905,0.5252,0.5769,0.5739,0.6283,0.5483,0.6013
GaussianNB,2 Classes IS vs W / Normal / MinMaxScaler / RandomOverSampler,0.5027,0.5457,0.5311,0.5757,0.4615,0.4987,0.4585,0.4947,0.5069,0.5955,0.5311,0.5757,0.5595,0.6058,0.5438,0.5891
GaussianNB,2 Classes IS vs W / Feature Engineering / No Scaler / Unbalanced,0.5453,0.5986,0.5292,0.5852,0.4909,0.5449,0.5163,0.5686,0.5505,0.6207,0.5292,0.5852,0.5131,0.5719,0.5197,0.5771
GaussianNB,2 Classes IS vs W / Feature Engineering / No Scaler / SMOTE,0.5247,0.5536,0.5542,0.5859,0.5008,0.5326,0.5024,0.5344,0.5506,0.5950,0.5542,0.5859,0.5836,0.6183,0.5680,0.6012
GaussianNB,2 Classes IS vs W / Feature Engineering / No Scaler / RandomOverSampler,0.5069,0.5584,0.5300,0.5839,0.4726,0.5202,0.4739,0.5213,0.5148,0.6065,0.5300,0.5839,0.5532,0.6094,0.5404,0.5953
GaussianNB,2 Classes IS vs W / Feature Engineering / StandardScaler / Unbalanced,0.5123,0.5591,0.5138,0.5616,0.4382,0.4866,0.4484,0.4963,0.5048,0.6075,0.5138,0.5616,0.5153,0.5641,0.5123,0.5606
GaussianNB,2 Classes IS vs W / Feature Engineering / StandardScaler / SMOTE,0.5041,0.5385,0.5423,0.5810,0.4742,0.5099,0.4698,0.5043,0.5310,0.5983,0.5423,0.5810,0.5806,0.6236,0.5602,0.6010
GaussianNB,2 Classes IS vs W / Feature Engineering / StandardScaler / RandomOverSampler,0.5055,0.5467,0.5332,0.5761,0.4656,0.5009,0.4634,0.4975,0.5169,0.5943,0.5332,0.5761,0.5610,0.6055,0.5457,0.5892
GaussianNB,2 Classes IS vs W / Feature Engineering / MinMaxScaler / Unbalanced,0.5123,0.5550,0.5138,0.5586,0.4382,0.4801,0.4484,0.4883,0.5048,0.6010,0.5138,0.5586,0.5153,0.5622,0.5123,0.5581
GaussianNB,2 Classes IS vs W / Feature Engineering / MinMaxScaler / SMOTE,0.4766,0.5254,0.5252,0.5769,0.4509,0.4995,0.4415,0.4898,0.5077,0.5905,0.5252,0.5769,0.5739,0.6283,0.5483,0.6013
GaussianNB,2 Classes IS vs W / Feature Engineering / MinMaxScaler / RandomOverSampler,0.5027,0.5457,0.5311,0.5757,0.4615,0.4987,0.4585,0.4947,0.5069,0.5955,0.5311,0.5757,0.5595,0.6058,0.5438,0.5891
GaussianNB,2 Classes S vs IW / Normal / No Scaler / Unbalanced,0.5123,0.5570,0.5007,0.5528,0.4295,0.4733,0.4940,0.5334,0.4894,0.5682,0.5007,0.5528,0.4892,0.5486,0.4892,0.5448
GaussianNB,2 Classes S vs IW / Normal / No Scaler / SMOTE,0.4122,0.4567,0.4865,0.5435,0.3951,0.4364,0.4195,0.4600,0.4821,0.5444,0.4865,0.5435,0.5608,0.6303,0.5211,0.5837
GaussianNB,2 Classes S vs IW / Normal / No Scaler / RandomOverSampler,0.4438,0.5051,0.4888,0.5668,0.3941,0.4608,0.4312,0.4917,0.4829,0.5713,0.4888,0.5668,0.5339,0.6285,0.5066,0.5932
GaussianNB,2 Classes S vs IW / Normal / StandardScaler / Unbalanced,0.5027,0.5368,0.5074,0.5454,0.4147,0.4466,0.4678,0.4946,0.4934,0.5703,0.5074,0.5454,0.5121,0.5541,0.5028,0.5428
GaussianNB,2 Classes S vs IW / Normal / StandardScaler / SMOTE,0.4122,0.4485,0.5014,0.5455,0.3986,0.4314,0.4150,0.4496,0.4918,0.5466,0.5014,0.5455,0.5906,0.6425,0.5432,0.5907
GaussianNB,2 Classes S vs IW / Normal / StandardScaler / RandomOverSampler,0.4410,0.4935,0.4926,0.5614,0.3892,0.4462,0.4220,0.4708,0.4884,0.5683,0.4926,0.5614,0.5441,0.6293,0.5132,0.5904
GaussianNB,2 Classes S vs IW / Normal / MinMaxScaler / Unbalanced,0.4972,0.5351,0.5037,0.5452,0.4077,0.4440,0.4582,0.4906,0.4812,0.5732,0.5037,0.5452,0.5103,0.5554,0.4999,0.5432
GaussianNB,2 Classes S vs IW / Normal / MinMaxScaler / SMOTE,0.3888,0.4275,0.4896,0.5395,0.3793,0.4165,0.3898,0.4271,0.4846,0.5414,0.4896,0.5395,0.5903,0.6515,0.5369,0.5921
GaussianNB,2 Classes S vs IW / Normal / MinMaxScaler / RandomOverSampler,0.4355,0.4907,0.4908,0.5600,0.3818,0.4426,0.4110,0.4657,0.4815,0.5671,0.4908,0.5600,0.5461,0.6294,0.5129,0.5896
GaussianNB,2 Classes S vs IW / Feature Engineering / No Scaler / Unbalanced,0.5123,0.5570,0.5007,0.5528,0.4295,0.4733,0.4940,0.5334,0.4894,0.5682,0.5007,0.5528,0.4892,0.5486,0.4892,0.5448
GaussianNB,2 Classes S vs IW / Feature Engineering / No Scaler / SMOTE,0.4122,0.4567,0.4865,0.5435,0.3951,0.4364,0.4195,0.4600,0.4821,0.5444,0.4865,0.5435,0.5608,0.6303,0.5211,0.5837
GaussianNB,2 Classes S vs IW / Feature Engineering / No Scaler / RandomOverSampler,0.4438,0.5051,0.4888,0.5668,0.3941,0.4608,0.4312,0.4917,0.4829,0.5713,0.4888,0.5668,0.5339,0.6285,0.5066,0.5932
GaussianNB,2 Classes S vs IW / Feature Engineering / StandardScaler / Unbalanced,0.5027,0.5368,0.5074,0.5454,0.4147,0.4466,0.4678,0.4946,0.4934,0.5703,0.5074,0.5454,0.5121,0.5541,0.5028,0.5428
GaussianNB,2 Classes S vs IW / Feature Engineering / StandardScaler / SMOTE,0.4122,0.4485,0.5014,0.5455,0.3986,0.4314,0.4150,0.4496,0.4918,0.5466,0.5014,0.5455,0.5906,0.6425,0.5432,0.5907
GaussianNB,2 Classes S vs IW / Feature Engineering / StandardScaler / RandomOverSampler,0.4410,0.4935,0.4926,0.5614,0.3892,0.4462,0.4220,0.4708,0.4884,0.5683,0.4926,0.5614,0.5441,0.6293,0.5132,0.5904
GaussianNB,2 Classes S vs IW / Feature Engineering / MinMaxScaler / Unbalanced,0.4972,0.5351,0.5037,0.5452,0.4077,0.4440,0.4582,0.4906,0.4812,0.5732,0.5037,0.5452,0.5103,0.5554,0.4999,0.5432
GaussianNB,2 Classes S vs IW / Feature Engineering / MinMaxScaler / SMOTE,0.3888,0.4275,0.4896,0.5395,0.3793,0.4165,0.3898,0.4271,0.4846,0.5414,0.4896,0.5395,0.5903,0.6515,0.5369,0.5921
GaussianNB,2 Classes S vs IW / Feature Engineering / MinMaxScaler / RandomOverSampler,0.4355,0.4907,0.4908,0.5600,0.3818,0.4426,0.4110,0.4657,0.4815,0.5671,0.4908,0.5600,0.5461,0.6294,0.5129,0.5896
GaussianNB,3 Classes / Normal / No Scaler / Unbalanced / Feature Selection,0.3928,0.4578,0.3655,0.4299,0.3238,0.3973,0.3421,0.4165,0.3734,0.4846,0.3655,0.4299,0.6611,0.6965,0.4915,0.5472
GaussianNB,3 Classes / Normal / StandardScaler / Unbalanced / Feature Selection,0.3763,0.4293,0.3528,0.4052,0.2857,0.3419,0.3000,0.3574,0.3364,0.4979,0.3528,0.4052,0.6571,0.6861,0.4812,0.5272
GaussianNB,3 Classes / Normal / MinMaxScaler / Unbalanced / Feature Selection,0.3763,0.4241,0.3528,0.4009,0.2838,0.3333,0.2978,0.3472,0.3250,0.4996,0.3528,0.4009,0.6573,0.6830,0.4812,0.5232
GaussianNB,3 Classes / Feature Engineering / No Scaler / Unbalanced / Feature Selection,0.3928,0.4578,0.3655,0.4299,0.3238,0.3973,0.3421,0.4165,0.3734,0.4846,0.3655,0.4299,0.6611,0.6965,0.4915,0.5472
GaussianNB,3 Classes / Feature Engineering / StandardScaler / Unbalanced / Feature Selection,0.3763,0.4293,0.3528,0.4052,0.2857,0.3419,0.3000,0.3574,0.3364,0.4979,0.3528,0.4052,0.6571,0.6861,0.4812,0.5272
GaussianNB,3 Classes / Feature Engineering / MinMaxScaler / Unbalanced / Feature Selection,0.3763,0.4241,0.3528,0.4009,0.2838,0.3333,0.2978,0.3472,0.3250,0.4996,0.3528,0.4009,0.6573,0.6830,0.4812,0.5232
GaussianNB,2 Classes IS vs W / Normal / No Scaler / Unbalanced / Feature Selection,0.5480,0.6010,0.5305,0.5854,0.4907,0.5429,0.5175,0.5676,0.5530,0.6275,0.5305,0.5854,0.5130,0.5698,0.5202,0.5760
GaussianNB,2 Classes IS vs W / Normal / No Scaler / SMOTE / Feature Selection,0.5344,0.5776,0.5505,0.5997,0.5032,0.5505,0.5111,0.5565,0.5518,0.6173,0.5505,0.5997,0.5667,0.6218,0.5576,0.6098
GaussianNB,2 Classes IS vs W / Normal / No Scaler / RandomOverSampler / Feature Selection,0.5110,0.5587,0.5299,0.5769,0.4681,0.5124,0.4700,0.5161,0.5140,0.6057,0.5299,0.5769,0.5487,0.5951,0.5378,0.5845
GaussianNB,2 Classes IS vs W / Normal / StandardScaler / Unbalanced / Feature Selection,0.5137,0.5598,0.5132,0.5602,0.4373,0.4817,0.4492,0.4919,0.5077,0.6107,0.5132,0.5602,0.5126,0.5606,0.5106,0.5580
GaussianNB,2 Classes IS vs W / Normal / StandardScaler / SMOTE / Feature Selection,0.5137,0.5309,0.5516,0.5751,0.4794,0.4995,0.4745,0.4918,0.5398,0.5847,0.5516,0.5751,0.5895,0.6194,0.5692,0.5959
GaussianNB,2 Classes IS vs W / Normal / StandardScaler / RandomOverSampler / Feature Selection,0.5110,0.5491,0.5324,0.5705,0.4648,0.4963,0.4648,0.4961,0.5165,0.5956,0.5324,0.5705,0.5539,0.5919,0.5416,0.5794
GaussianNB,2 Classes IS vs W / Normal / MinMaxScaler / Unbalanced / Feature Selection,0.5123,0.5567,0.5121,0.5578,0.4352,0.4770,0.4466,0.4861,0.5030,0.6031,0.5121,0.5578,0.5119,0.5589,0.5096,0.5559
GaussianNB,2 Classes IS vs W / Normal / MinMaxScaler / SMOTE / Feature Selection,0.5082,0.5357,0.5482,0.5802,0.4740,0.5025,0.4675,0.4941,0.5296,0.5932,0.5482,0.5802,0.5881,0.6246,0.5668,0.6010
GaussianNB,2 Classes IS vs W / Normal / MinMaxScaler / RandomOverSampler / Feature Selection,0.5082,0.5474,0.5303,0.5696,0.4606,0.4932,0.4597,0.4922,0.5064,0.5937,0.5303,0.5696,0.5523,0.5918,0.5397,0.5789
GaussianNB,2 Classes IS vs W / Feature Engineering / No Scaler / Unbalanced / Feature Selection,0.5480,0.6010,0.5305,0.5854,0.4907,0.5429,0.5175,0.5676,0.5530,0.6275,0.5305,0.5854,0.5130,0.5698,0.5202,0.5760
GaussianNB,2 Classes IS vs W / Feature Engineering / No Scaler / SMOTE / Feature Selection,0.5344,0.5776,0.5505,0.5997,0.5032,0.5505,0.5111,0.5565,0.5518,0.6173,0.5505,0.5997,0.5667,0.6218,0.5576,0.6098
GaussianNB,2 Classes IS vs W / Feature Engineering / No Scaler / RandomOverSampler / Feature Selection,0.5110,0.5587,0.5299,0.5769,0.4681,0.5124,0.4700,0.5161,0.5140,0.6057,0.5299,0.5769,0.5487,0.5951,0.5378,0.5845
GaussianNB,2 Classes IS vs W / Feature Engineering / StandardScaler / Unbalanced / Feature Selection,0.5137,0.5598,0.5132,0.5602,0.4373,0.4817,0.4492,0.4919,0.5077,0.6107,0.5132,0.5602,0.5126,0.5606,0.5106,0.5580
GaussianNB,2 Classes IS vs W / Feature Engineering / StandardScaler / SMOTE / Feature Selection,0.5137,0.5309,0.5516,0.5751,0.4794,0.4995,0.4745,0.4918,0.5398,0.5847,0.5516,0.5751,0.5895,0.6194,0.5692,0.5959
GaussianNB,2 Classes IS vs W / Feature Engineering / StandardScaler / RandomOverSampler / Feature Selection,0.5110,0.5491,0.5324,0.5705,0.4648,0.4963,0.4648,0.4961,0.5165,0.5956,0.5324,0.5705,0.5539,0.5919,0.5416,0.5794
GaussianNB,2 Classes IS vs W / Feature Engineering / MinMaxScaler / Unbalanced / Feature Selection,0.5123,0.5567,0.5121,0.5578,0.4352,0.4770,0.4466,0.4861,0.5030,0.6031,0.5121,0.5578,0.5119,0.5589,0.5096,0.5559
GaussianNB,2 Classes IS vs W / Feature Engineering / MinMaxScaler / SMOTE / Feature Selection,0.5082,0.5357,0.5482,0.5802,0.4740,0.5025,0.4675,0.4941,0.5296,0.5932,0.5482,0.5802,0.5881,0.6246,0.5668,0.6010
GaussianNB,2 Classes IS vs W / Feature Engineering / MinMaxScaler / RandomOverSampler / Feature Selection,0.5082,0.5474,0.5303,0.5696,0.4606,0.4932,0.4597,0.4922,0.5064,0.5937,0.5303,0.5696,0.5523,0.5918,0.5397,0.5789
GaussianNB,2 Classes S vs IW / Normal / No Scaler / Unbalanced / Feature Selection,0.5232,0.5560,0.5080,0.5479,0.4374,0.4658,0.5020,0.5268,0.4965,0.5656,0.5080,0.5479,0.4927,0.5399,0.4944,0.5374
GaussianNB,2 Classes S vs IW / Normal / No Scaler / SMOTE / Feature Selection,0.4246,0.4529,0.5078,0.5466,0.3982,0.4219,0.4165,0.4367,0.5031,0.5566,0.5078,0.5466,0.5910,0.6403,0.5456,0.5888
GaussianNB,2 Classes S vs IW / Normal / No Scaler / RandomOverSampler / Feature Selection,0.4314,0.4935,0.4862,0.5656,0.3847,0.4515,0.4175,0.4773,0.4789,0.5674,0.4862,0.5656,0.5411,0.6377,0.5086,0.5970
GaussianNB,2 Classes S vs IW / Normal / StandardScaler / Unbalanced / Feature Selection,0.5122,0.5395,0.5137,0.5435,0.4203,0.4431,0.4728,0.4931,0.5001,0.5741,0.5137,0.5435,0.5152,0.5475,0.5073,0.5380
GaussianNB,2 Classes S vs IW / Normal / StandardScaler / SMOTE / Feature Selection,0.3874,0.4193,0.5017,0.5345,0.3742,0.4051,0.3769,0.4117,0.5019,0.5369,0.5017,0.5345,0.6160,0.6497,0.5549,0.5882
GaussianNB,2 Classes S vs IW / Normal / StandardScaler / RandomOverSampler / Feature Selection,0.4301,0.4866,0.4946,0.5638,0.3801,0.4422,0.4070,0.4634,0.4926,0.5698,0.4946,0.5638,0.5592,0.6411,0.5213,0.5974
GaussianNB,2 Classes S vs IW / Normal / MinMaxScaler / Unbalanced / Feature Selection,0.5122,0.5368,0.5174,0.5417,0.4191,0.4395,0.4694,0.4882,0.5036,0.5716,0.5174,0.5417,0.5226,0.5466,0.5126,0.5366
GaussianNB,2 Classes S vs IW / Normal / MinMaxScaler / SMOTE / Feature Selection,0.3901,0.4189,0.4960,0.5315,0.3770,0.4052,0.3845,0.4134,0.4935,0.5349,0.4960,0.5315,0.6019,0.6440,0.5454,0.5840
GaussianNB,2 Classes S vs IW / Normal / MinMaxScaler / RandomOverSampler / Feature Selection,0.4259,0.4835,0.4938,0.5622,0.3743,0.4381,0.3981,0.4576,0.4874,0.5676,0.4938,0.5622,0.5616,0.6410,0.5218,0.5964
GaussianNB,2 Classes S vs IW / Feature Engineering / No Scaler / Unbalanced / Feature Selection,0.5232,0.5560,0.5080,0.5479,0.4374,0.4658,0.5020,0.5268,0.4965,0.5656,0.5080,0.5479,0.4927,0.5399,0.4944,0.5374
GaussianNB,2 Classes S vs IW / Feature Engineering / No Scaler / SMOTE / Feature Selection,0.4246,0.4529,0.5078,0.5466,0.3982,0.4219,0.4165,0.4367,0.5031,0.5566,0.5078,0.5466,0.5910,0.6403,0.5456,0.5888
GaussianNB,2 Classes S vs IW / Feature Engineering / No Scaler / RandomOverSampler / Feature Selection,0.4314,0.4935,0.4862,0.5656,0.3847,0.4515,0.4175,0.4773,0.4789,0.5674,0.4862,0.5656,0.5411,0.6377,0.5086,0.5970
GaussianNB,2 Classes S vs IW / Feature Engineering / StandardScaler / Unbalanced / Feature Selection,0.5122,0.5395,0.5137,0.5435,0.4203,0.4431,0.4728,0.4931,0.5001,0.5741,0.5137,0.5435,0.5152,0.5475,0.5073,0.5380
GaussianNB,2 Classes S vs IW / Feature Engineering / StandardScaler / SMOTE / Feature Selection,0.3874,0.4193,0.5017,0.5345,0.3742,0.4051,0.3769,0.4117,0.5019,0.5369,0.5017,0.5345,0.6160,0.6497,0.5549,0.5882
GaussianNB,2 Classes S vs IW / Feature Engineering / StandardScaler / RandomOverSampler / Feature Selection,0.4301,0.4866,0.4946,0.5638,0.3801,0.4422,0.4070,0.4634,0.4926,0.5698,0.4946,0.5638,0.5592,0.6411,0.5213,0.5974
GaussianNB,2 Classes S vs IW / Feature Engineering / MinMaxScaler / Unbalanced / Feature Selection,0.5122,0.5368,0.5174,0.5417,0.4191,0.4395,0.4694,0.4882,0.5036,0.5716,0.5174,0.5417,0.5226,0.5466,0.5126,0.5366
GaussianNB,2 Classes S vs IW / Feature Engineering / MinMaxScaler / SMOTE / Feature Selection,0.3901,0.4189,0.4960,0.5315,0.3770,0.4052,0.3845,0.4134,0.4935,0.5349,0.4960,0.5315,0.6019,0.6440,0.5454,0.5840
GaussianNB,2 Classes S vs IW / Feature Engineering / MinMaxScaler / RandomOverSampler / Feature Selection,0.4259,0.4835,0.4938,0.5622,0.3743,0.4381,0.3981,0.4576,0.4874,0.5676,0.4938,0.5622,0.5616,0.6410,0.5218,0.5964
DecisionTreeClassifier,3 Classes / Normal / No Scaler / Unbalanced,0.4204,0.6319,0.3896,0.6022,0.3776,0.6035,0.4008,0.6192,0.3924,0.6574,0.3896,0.6022,0.6768,0.7866,0.5130,0.6882
DecisionTreeClassifier,3 Classes / Normal / StandardScaler / Unbalanced,0.4204,0.6319,0.3896,0.6022,0.3776,0.6035,0.4008,0.6192,0.3924,0.6574,0.3896,0.6022,0.6768,0.7866,0.5130,0.6882
DecisionTreeClassifier,3 Classes / Normal / MinMaxScaler / Unbalanced,0.4204,0.6319,0.3896,0.6022,0.3776,0.6035,0.4008,0.6192,0.3924,0.6574,0.3896,0.6022,0.6768,0.7866,0.5130,0.6882
DecisionTreeClassifier,3 Classes / Feature Engineering / No Scaler / Unbalanced,0.4204,0.6319,0.3896,0.6022,0.3776,0.6035,0.4008,0.6192,0.3924,0.6574,0.3896,0.6022,0.6768,0.7866,0.5130,0.6882
DecisionTreeClassifier,3 Classes / Feature Engineering / StandardScaler / Unbalanced,0.4204,0.6319,0.3896,0.6022,0.3776,0.6035,0.4008,0.6192,0.3924,0.6574,0.3896,0.6022,0.6768,0.7866,0.5130,0.6882
DecisionTreeClassifier,3 Classes / Feature Engineering / MinMaxScaler / Unbalanced,0.4204,0.6319,0.3896,0.6022,0.3776,0.6035,0.4008,0.6192,0.3924,0.6574,0.3896,0.6022,0.6768,0.7866,0.5130,0.6882
DecisionTreeClassifier,2 Classes IS vs W / Normal / No Scaler / Unbalanced,0.6524,0.7720,0.5749,0.7006,0.5705,0.7131,0.6238,0.7502,0.6118,0.7971,0.5749,0.7006,0.4975,0.6293,0.5348,0.6640
DecisionTreeClassifier,2 Classes IS vs W / Normal / No Scaler / SMOTE,0.5577,0.7091,0.5593,0.7131,0.5429,0.6948,0.5626,0.7116,0.5570,0.7045,0.5593,0.7131,0.5609,0.7171,0.5599,0.7149
DecisionTreeClassifier,2 Classes IS vs W / Normal / No Scaler / RandomOverSampler,0.5630,0.7174,0.5549,0.7185,0.5392,0.6979,0.5620,0.7134,0.5643,0.7341,0.5549,0.7185,0.5468,0.7196,0.5505,0.7186
DecisionTreeClassifier,2 Classes IS vs W / Normal / StandardScaler / Unbalanced,0.6524,0.7720,0.5749,0.7006,0.5705,0.7131,0.6238,0.7502,0.6118,0.7971,0.5749,0.7006,0.4975,0.6293,0.5348,0.6640
DecisionTreeClassifier,2 Classes IS vs W / Normal / StandardScaler / SMOTE,0.5536,0.7157,0.5622,0.7338,0.5414,0.7079,0.5580,0.7189,0.5594,0.7248,0.5622,0.7338,0.5708,0.7519,0.5663,0.7426
DecisionTreeClassifier,2 Classes IS vs W / Normal / StandardScaler / RandomOverSampler,0.5630,0.7174,0.5549,0.7185,0.5392,0.6979,0.5620,0.7134,0.5643,0.7341,0.5549,0.7185,0.5468,0.7196,0.5505,0.7186
DecisionTreeClassifier,2 Classes IS vs W / Normal / MinMaxScaler / Unbalanced,0.6524,0.7720,0.5749,0.7006,0.5705,0.7131,0.6238,0.7502,0.6118,0.7971,0.5749,0.7006,0.4975,0.6293,0.5348,0.6640
DecisionTreeClassifier,2 Classes IS vs W / Normal / MinMaxScaler / SMOTE,0.5769,0.7115,0.5891,0.7247,0.5658,0.7017,0.5817,0.7151,0.5864,0.7142,0.5891,0.7247,0.6012,0.7379,0.5949,0.7312
DecisionTreeClassifier,2 Classes IS vs W / Normal / MinMaxScaler / RandomOverSampler,0.5630,0.7174,0.5549,0.7185,0.5392,0.6979,0.5620,0.7134,0.5643,0.7341,0.5549,0.7185,0.5468,0.7196,0.5505,0.7186
DecisionTreeClassifier,2 Classes IS vs W / Feature Engineering / No Scaler / Unbalanced,0.6524,0.7720,0.5749,0.7006,0.5705,0.7131,0.6238,0.7502,0.6118,0.7971,0.5749,0.7006,0.4975,0.6293,0.5348,0.6640
DecisionTreeClassifier,2 Classes IS vs W / Feature Engineering / No Scaler / SMOTE,0.5577,0.7091,0.5593,0.7131,0.5429,0.6948,0.5626,0.7116,0.5570,0.7045,0.5593,0.7131,0.5609,0.7171,0.5599,0.7149
DecisionTreeClassifier,2 Classes IS vs W / Feature Engineering / No Scaler / RandomOverSampler,0.5630,0.7174,0.5549,0.7185,0.5392,0.6979,0.5620,0.7134,0.5643,0.7341,0.5549,0.7185,0.5468,0.7196,0.5505,0.7186
DecisionTreeClassifier,2 Classes IS vs W / Feature Engineering / StandardScaler / Unbalanced,0.6524,0.7720,0.5749,0.7006,0.5705,0.7131,0.6238,0.7502,0.6118,0.7971,0.5749,0.7006,0.4975,0.6293,0.5348,0.6640
DecisionTreeClassifier,2 Classes IS vs W / Feature Engineering / StandardScaler / SMOTE,0.5536,0.7157,0.5622,0.7338,0.5414,0.7079,0.5580,0.7189,0.5594,0.7248,0.5622,0.7338,0.5708,0.7519,0.5663,0.7426
DecisionTreeClassifier,2 Classes IS vs W / Feature Engineering / StandardScaler / RandomOverSampler,0.5630,0.7174,0.5549,0.7185,0.5392,0.6979,0.5620,0.7134,0.5643,0.7341,0.5549,0.7185,0.5468,0.7196,0.5505,0.7186
DecisionTreeClassifier,2 Classes IS vs W / Feature Engineering / MinMaxScaler / Unbalanced,0.6524,0.7720,0.5749,0.7006,0.5705,0.7131,0.6238,0.7502,0.6118,0.7971,0.5749,0.7006,0.4975,0.6293,0.5348,0.6640
DecisionTreeClassifier,2 Classes IS vs W / Feature Engineering / MinMaxScaler / SMOTE,0.5769,0.7115,0.5891,0.7247,0.5658,0.7017,0.5817,0.7151,0.5864,0.7142,0.5891,0.7247,0.6012,0.7379,0.5949,0.7312
DecisionTreeClassifier,2 Classes IS vs W / Feature Engineering / MinMaxScaler / RandomOverSampler,0.5630,0.7174,0.5549,0.7185,0.5392,0.6979,0.5620,0.7134,0.5643,0.7341,0.5549,0.7185,0.5468,0.7196,0.5505,0.7186
DecisionTreeClassifier,2 Classes S vs IW / Normal / No Scaler / Unbalanced,0.7115,0.8207,0.5249,0.6725,0.5167,0.6983,0.6716,0.7953,0.5531,0.8174,0.5249,0.6725,0.3382,0.5242,0.4211,0.5935
DecisionTreeClassifier,2 Classes S vs IW / Normal / No Scaler / SMOTE,0.5987,0.7157,0.5319,0.6890,0.5168,0.6602,0.6129,0.7270,0.5288,0.6653,0.5319,0.6890,0.4650,0.6623,0.4964,0.6750
DecisionTreeClassifier,2 Classes S vs IW / Normal / No Scaler / RandomOverSampler,0.5593,0.7204,0.4873,0.7010,0.4651,0.6659,0.5669,0.7278,0.4893,0.6823,0.4873,0.7010,0.4152,0.6815,0.4473,0.6901
DecisionTreeClassifier,2 Classes S vs IW / Normal / StandardScaler / Unbalanced,0.7115,0.8207,0.5249,0.6725,0.5167,0.6983,0.6716,0.7953,0.5531,0.8174,0.5249,0.6725,0.3382,0.5242,0.4211,0.5935
DecisionTreeClassifier,2 Classes S vs IW / Normal / StandardScaler / SMOTE,0.5481,0.6893,0.4946,0.6868,0.4777,0.6439,0.5704,0.7044,0.4965,0.6534,0.4946,0.6868,0.4410,0.6844,0.4661,0.6851
DecisionTreeClassifier,2 Classes S vs IW / Normal / StandardScaler / RandomOverSampler,0.5593,0.7204,0.4873,0.7010,0.4651,0.6659,0.5669,0.7278,0.4893,0.6823,0.4873,0.7010,0.4152,0.6815,0.4473,0.6901
DecisionTreeClassifier,2 Classes S vs IW / Normal / MinMaxScaler / Unbalanced,0.7115,0.8207,0.5249,0.6725,0.5167,0.6983,0.6716,0.7953,0.5531,0.8174,0.5249,0.6725,0.3382,0.5242,0.4211,0.5935
DecisionTreeClassifier,2 Classes S vs IW / Normal / MinMaxScaler / SMOTE,0.5356,0.6909,0.5068,0.6823,0.4836,0.6440,0.5627,0.7077,0.5072,0.6480,0.5068,0.6823,0.4780,0.6737,0.4918,0.6778
DecisionTreeClassifier,2 Classes S vs IW / Normal / MinMaxScaler / RandomOverSampler,0.5593,0.7204,0.4873,0.7010,0.4651,0.6659,0.5669,0.7278,0.4893,0.6823,0.4873,0.7010,0.4152,0.6815,0.4473,0.6901
DecisionTreeClassifier,2 Classes S vs IW / Feature Engineering / No Scaler / Unbalanced,0.7115,0.8207,0.5249,0.6725,0.5167,0.6983,0.6716,0.7953,0.5531,0.8174,0.5249,0.6725,0.3382,0.5242,0.4211,0.5935
DecisionTreeClassifier,2 Classes S vs IW / Feature Engineering / No Scaler / SMOTE,0.5987,0.7157,0.5319,0.6890,0.5168,0.6602,0.6129,0.7270,0.5288,0.6653,0.5319,0.6890,0.4650,0.6623,0.4964,0.6750
DecisionTreeClassifier,2 Classes S vs IW / Feature Engineering / No Scaler / RandomOverSampler,0.5593,0.7204,0.4873,0.7010,0.4651,0.6659,0.5669,0.7278,0.4893,0.6823,0.4873,0.7010,0.4152,0.6815,0.4473,0.6901
DecisionTreeClassifier,2 Classes S vs IW / Feature Engineering / StandardScaler / Unbalanced,0.7115,0.8207,0.5249,0.6725,0.5167,0.6983,0.6716,0.7953,0.5531,0.8174,0.5249,0.6725,0.3382,0.5242,0.4211,0.5935
DecisionTreeClassifier,2 Classes S vs IW / Feature Engineering / StandardScaler / SMOTE,0.5481,0.6893,0.4946,0.6868,0.4777,0.6439,0.5704,0.7044,0.4965,0.6534,0.4946,0.6868,0.4410,0.6844,0.4661,0.6851
DecisionTreeClassifier,2 Classes S vs IW / Feature Engineering / StandardScaler / RandomOverSampler,0.5593,0.7204,0.4873,0.7010,0.4651,0.6659,0.5669,0.7278,0.4893,0.6823,0.4873,0.7010,0.4152,0.6815,0.4473,0.6901
DecisionTreeClassifier,2 Classes S vs IW / Feature Engineering / MinMaxScaler / Unbalanced,0.7115,0.8207,0.5249,0.6725,0.5167,0.6983,0.6716,0.7953,0.5531,0.8174,0.5249,0.6725,0.3382,0.5242,0.4211,0.5935
DecisionTreeClassifier,2 Classes S vs IW / Feature Engineering / MinMaxScaler / SMOTE,0.5356,0.6909,0.5068,0.6823,0.4836,0.6440,0.5627,0.7077,0.5072,0.6480,0.5068,0.6823,0.4780,0.6737,0.4918,0.6778
DecisionTreeClassifier,2 Classes S vs IW / Feature Engineering / MinMaxScaler / RandomOverSampler,0.5593,0.7204,0.4873,0.7010,0.4651,0.6659,0.5669,0.7278,0.4893,0.6823,0.4873,0.7010,0.4152,0.6815,0.4473,0.6901
DecisionTreeClassifier,3 Classes / Normal / No Scaler / Unbalanced / Feature Selection,0.4300,0.5941,0.4047,0.5736,0.3965,0.5743,0.4174,0.5855,0.4111,0.6188,0.4047,0.5736,0.6894,0.7718,0.5278,0.6653
DecisionTreeClassifier,3 Classes / Normal / StandardScaler / Unbalanced / Feature Selection,0.4300,0.5941,0.4047,0.5736,0.3965,0.5743,0.4174,0.5855,0.4111,0.6188,0.4047,0.5736,0.6894,0.7718,0.5278,0.6653
DecisionTreeClassifier,3 Classes / Normal / MinMaxScaler / Unbalanced / Feature Selection,0.4300,0.5941,0.4047,0.5736,0.3965,0.5743,0.4174,0.5855,0.4111,0.6188,0.4047,0.5736,0.6894,0.7718,0.5278,0.6653
DecisionTreeClassifier,3 Classes / Feature Engineering / No Scaler / Unbalanced / Feature Selection,0.4300,0.5941,0.4047,0.5736,0.3965,0.5743,0.4174,0.5855,0.4111,0.6188,0.4047,0.5736,0.6894,0.7718,0.5278,0.6653
DecisionTreeClassifier,3 Classes / Feature Engineering / StandardScaler / Unbalanced / Feature Selection,0.4300,0.5941,0.4047,0.5736,0.3965,0.5743,0.4174,0.5855,0.4111,0.6188,0.4047,0.5736,0.6894,0.7718,0.5278,0.6653
DecisionTreeClassifier,3 Classes / Feature Engineering / MinMaxScaler / Unbalanced / Feature Selection,0.4300,0.5941,0.4047,0.5736,0.3965,0.5743,0.4174,0.5855,0.4111,0.6188,0.4047,0.5736,0.6894,0.7718,0.5278,0.6653
DecisionTreeClassifier,2 Classes IS vs W / Normal / No Scaler / Unbalanced / Feature Selection,0.6441,0.7486,0.5565,0.6677,0.5461,0.6726,0.6059,0.7174,0.6061,0.7819,0.5565,0.6677,0.4689,0.5869,0.5108,0.6259
DecisionTreeClassifier,2 Classes IS vs W / Normal / No Scaler / SMOTE / Feature Selection,0.5550,0.6734,0.5701,0.6979,0.5465,0.6667,0.5605,0.6770,0.5672,0.6888,0.5701,0.6979,0.5852,0.7224,0.5775,0.7099
DecisionTreeClassifier,2 Classes IS vs W / Normal / No Scaler / RandomOverSampler / Feature Selection,0.5699,0.7016,0.5766,0.7156,0.5550,0.6885,0.5732,0.7002,0.5738,0.7187,0.5766,0.7156,0.5833,0.7296,0.5797,0.7222
DecisionTreeClassifier,2 Classes IS vs W / Normal / StandardScaler / Unbalanced / Feature Selection,0.6441,0.7486,0.5565,0.6677,0.5461,0.6726,0.6059,0.7174,0.6061,0.7819,0.5565,0.6677,0.4689,0.5869,0.5108,0.6259
DecisionTreeClassifier,2 Classes IS vs W / Normal / StandardScaler / SMOTE / Feature Selection,0.5646,0.7119,0.5760,0.7312,0.5540,0.7049,0.5692,0.7166,0.5736,0.7163,0.5760,0.7312,0.5874,0.7506,0.5815,0.7408
DecisionTreeClassifier,2 Classes IS vs W / Normal / StandardScaler / RandomOverSampler / Feature Selection,0.5699,0.7016,0.5766,0.7156,0.5550,0.6885,0.5732,0.7002,0.5738,0.7187,0.5766,0.7156,0.5833,0.7296,0.5797,0.7222
DecisionTreeClassifier,2 Classes IS vs W / Normal / MinMaxScaler / Unbalanced / Feature Selection,0.6455,0.7486,0.5584,0.6677,0.5489,0.6726,0.6081,0.7174,0.6087,0.7819,0.5584,0.6677,0.4714,0.5869,0.5131,0.6259
DecisionTreeClassifier,2 Classes IS vs W / Normal / MinMaxScaler / SMOTE / Feature Selection,0.5894,0.7005,0.6013,0.7198,0.5775,0.6911,0.5926,0.7029,0.5992,0.7118,0.6013,0.7198,0.6133,0.7391,0.6070,0.7292
DecisionTreeClassifier,2 Classes IS vs W / Normal / MinMaxScaler / RandomOverSampler / Feature Selection,0.5699,0.7016,0.5766,0.7156,0.5550,0.6885,0.5732,0.7002,0.5738,0.7187,0.5766,0.7156,0.5833,0.7296,0.5797,0.7222
DecisionTreeClassifier,2 Classes IS vs W / Feature Engineering / No Scaler / Unbalanced / Feature Selection,0.6441,0.7486,0.5565,0.6677,0.5461,0.6726,0.6059,0.7174,0.6061,0.7819,0.5565,0.6677,0.4689,0.5869,0.5108,0.6259
DecisionTreeClassifier,2 Classes IS vs W / Feature Engineering / No Scaler / SMOTE / Feature Selection,0.5550,0.6734,0.5701,0.6979,0.5465,0.6667,0.5605,0.6770,0.5672,0.6888,0.5701,0.6979,0.5852,0.7224,0.5775,0.7099
DecisionTreeClassifier,2 Classes IS vs W / Feature Engineering / No Scaler / RandomOverSampler / Feature Selection,0.5699,0.7016,0.5766,0.7156,0.5550,0.6885,0.5732,0.7002,0.5738,0.7187,0.5766,0.7156,0.5833,0.7296,0.5797,0.7222
DecisionTreeClassifier,2 Classes IS vs W / Feature Engineering / StandardScaler / Unbalanced / Feature Selection,0.6441,0.7486,0.5565,0.6677,0.5461,0.6726,0.6059,0.7174,0.6061,0.7819,0.5565,0.6677,0.4689,0.5869,0.5108,0.6259
DecisionTreeClassifier,2 Classes IS vs W / Feature Engineering / StandardScaler / SMOTE / Feature Selection,0.5646,0.7119,0.5760,0.7312,0.5540,0.7049,0.5692,0.7166,0.5736,0.7163,0.5760,0.7312,0.5874,0.7506,0.5815,0.7408
DecisionTreeClassifier,2 Classes IS vs W / Feature Engineering / StandardScaler / RandomOverSampler / Feature Selection,0.5699,0.7016,0.5766,0.7156,0.5550,0.6885,0.5732,0.7002,0.5738,0.7187,0.5766,0.7156,0.5833,0.7296,0.5797,0.7222
DecisionTreeClassifier,2 Classes IS vs W / Feature Engineering / MinMaxScaler / Unbalanced / Feature Selection,0.6455,0.7486,0.5584,0.6677,0.5489,0.6726,0.6081,0.7174,0.6087,0.7819,0.5584,0.6677,0.4714,0.5869,0.5131,0.6259
DecisionTreeClassifier,2 Classes IS vs W / Feature Engineering / MinMaxScaler / SMOTE / Feature Selection,0.5894,0.7005,0.6013,0.7198,0.5775,0.6911,0.5926,0.7029,0.5992,0.7118,0.6013,0.7198,0.6133,0.7391,0.6070,0.7292
DecisionTreeClassifier,2 Classes IS vs W / Feature Engineering / MinMaxScaler / RandomOverSampler / Feature Selection,0.5699,0.7016,0.5766,0.7156,0.5550,0.6885,0.5732,0.7002,0.5738,0.7187,0.5766,0.7156,0.5833,0.7296,0.5797,0.7222
DecisionTreeClassifier,2 Classes S vs IW / Normal / No Scaler / Unbalanced / Feature Selection,0.7171,0.8152,0.5230,0.6581,0.5118,0.6826,0.6718,0.7862,0.5501,0.8086,0.5230,0.6581,0.3288,0.5009,0.4146,0.5740
DecisionTreeClassifier,2 Classes S vs IW / Normal / No Scaler / SMOTE / Feature Selection,0.6331,0.7157,0.5231,0.6363,0.5050,0.6167,0.6259,0.7094,0.5176,0.6466,0.5231,0.6363,0.4130,0.5569,0.4622,0.5930
DecisionTreeClassifier,2 Classes S vs IW / Normal / No Scaler / RandomOverSampler / Feature Selection,0.5673,0.7009,0.5353,0.7081,0.5050,0.6584,0.5862,0.7150,0.5281,0.6778,0.5353,0.7081,0.5033,0.7152,0.5177,0.7108
DecisionTreeClassifier,2 Classes S vs IW / Normal / StandardScaler / Unbalanced / Feature Selection,0.7171,0.8152,0.5230,0.6581,0.5118,0.6826,0.6718,0.7862,0.5501,0.8086,0.5230,0.6581,0.3288,0.5009,0.4146,0.5740
DecisionTreeClassifier,2 Classes S vs IW / Normal / StandardScaler / SMOTE / Feature Selection,0.5149,0.6323,0.4986,0.6532,0.4544,0.5907,0.5306,0.6465,0.5015,0.6453,0.4986,0.6532,0.4823,0.6741,0.4877,0.6618
DecisionTreeClassifier,2 Classes S vs IW / Normal / StandardScaler / RandomOverSampler / Feature Selection,0.5673,0.7009,0.5353,0.7081,0.5050,0.6584,0.5862,0.7150,0.5281,0.6778,0.5353,0.7081,0.5033,0.7152,0.5177,0.7108
DecisionTreeClassifier,2 Classes S vs IW / Normal / MinMaxScaler / Unbalanced / Feature Selection,0.7157,0.8152,0.5220,0.6581,0.5110,0.6826,0.6709,0.7862,0.5478,0.8086,0.5220,0.6581,0.3284,0.5009,0.4140,0.5740
DecisionTreeClassifier,2 Classes S vs IW / Normal / MinMaxScaler / SMOTE / Feature Selection,0.5631,0.6443,0.5344,0.6378,0.5046,0.5933,0.5817,0.6599,0.5313,0.6138,0.5344,0.6378,0.5058,0.6313,0.5188,0.6335
DecisionTreeClassifier,2 Classes S vs IW / Normal / MinMaxScaler / RandomOverSampler / Feature Selection,0.5673,0.7009,0.5353,0.7081,0.5050,0.6584,0.5862,0.7150,0.5281,0.6778,0.5353,0.7081,0.5033,0.7152,0.5177,0.7108
DecisionTreeClassifier,2 Classes S vs IW / Feature Engineering / No Scaler / Unbalanced / Feature Selection,0.7171,0.8152,0.5230,0.6581,0.5118,0.6826,0.6718,0.7862,0.5501,0.8086,0.5230,0.6581,0.3288,0.5009,0.4146,0.5740
DecisionTreeClassifier,2 Classes S vs IW / Feature Engineering / No Scaler / SMOTE / Feature Selection,0.6331,0.7157,0.5231,0.6363,0.5050,0.6167,0.6259,0.7094,0.5176,0.6466,0.5231,0.6363,0.4130,0.5569,0.4622,0.5930
DecisionTreeClassifier,2 Classes S vs IW / Feature Engineering / No Scaler / RandomOverSampler / Feature Selection,0.5673,0.7009,0.5353,0.7081,0.5050,0.6584,0.5862,0.7150,0.5281,0.6778,0.5353,0.7081,0.5033,0.7152,0.5177,0.7108
DecisionTreeClassifier,2 Classes S vs IW / Feature Engineering / StandardScaler / Unbalanced / Feature Selection,0.7171,0.8152,0.5230,0.6581,0.5118,0.6826,0.6718,0.7862,0.5501,0.8086,0.5230,0.6581,0.3288,0.5009,0.4146,0.5740
DecisionTreeClassifier,2 Classes S vs IW / Feature Engineering / StandardScaler / SMOTE / Feature Selection,0.5149,0.6323,0.4986,0.6532,0.4544,0.5907,0.5306,0.6465,0.5015,0.6453,0.4986,0.6532,0.4823,0.6741,0.4877,0.6618
DecisionTreeClassifier,2 Classes S vs IW / Feature Engineering / StandardScaler / RandomOverSampler / Feature Selection,0.5673,0.7009,0.5353,0.7081,0.5050,0.6584,0.5862,0.7150,0.5281,0.6778,0.5353,0.7081,0.5033,0.7152,0.5177,0.7108
DecisionTreeClassifier,2 Classes S vs IW / Feature Engineering / MinMaxScaler / Unbalanced / Feature Selection,0.7157,0.8152,0.5220,0.6581,0.5110,0.6826,0.6709,0.7862,0.5478,0.8086,0.5220,0.6581,0.3284,0.5009,0.4140,0.5740
DecisionTreeClassifier,2 Classes S vs IW / Feature Engineering / MinMaxScaler / SMOTE / Feature Selection,0.5631,0.6443,0.5344,0.6378,0.5046,0.5933,0.5817,0.6599,0.5313,0.6138,0.5344,0.6378,0.5058,0.6313,0.5188,0.6335
DecisionTreeClassifier,2 Classes S vs IW / Feature Engineering / MinMaxScaler / RandomOverSampler / Feature Selection,0.5673,0.7009,0.5353,0.7081,0.5050,0.6584,0.5862,0.7150,0.5281,0.6778,0.5353,0.7081,0.5033,0.7152,0.5177,0.7108
RandomForestClassifier,3 Classes / Normal / No Scaler / Unbalanced,0.4506,0.6834,0.3996,0.6362,0.3553,0.6340,0.3956,0.6583,0.4401,0.7769,0.3996,0.6362,0.6673,0.8038,0.5163,0.7151
RandomForestClassifier,3 Classes / Normal / StandardScaler / Unbalanced,0.4492,0.6827,0.3982,0.6356,0.3537,0.6333,0.3940,0.6576,0.4389,0.7765,0.3982,0.6356,0.6664,0.8034,0.5150,0.7146
RandomForestClassifier,3 Classes / Normal / MinMaxScaler / Unbalanced,0.4492,0.6837,0.3984,0.6366,0.3541,0.6346,0.3943,0.6588,0.4392,0.7771,0.3984,0.6366,0.6664,0.8041,0.5151,0.7154
RandomForestClassifier,3 Classes / Feature Engineering / No Scaler / Unbalanced,0.4506,0.6834,0.3996,0.6362,0.3553,0.6340,0.3956,0.6583,0.4401,0.7769,0.3996,0.6362,0.6673,0.8038,0.5163,0.7151
RandomForestClassifier,3 Classes / Feature Engineering / StandardScaler / Unbalanced,0.4492,0.6827,0.3982,0.6356,0.3537,0.6333,0.3940,0.6576,0.4389,0.7765,0.3982,0.6356,0.6664,0.8034,0.5150,0.7146
RandomForestClassifier,3 Classes / Feature Engineering / MinMaxScaler / Unbalanced,0.4492,0.6837,0.3984,0.6366,0.3541,0.6346,0.3943,0.6588,0.4392,0.7771,0.3984,0.6366,0.6664,0.8041,0.5151,0.7154
RandomForestClassifier,2 Classes IS vs W / Normal / No Scaler / Unbalanced,0.6744,0.7524,0.5682,0.6611,0.5435,0.6656,0.6132,0.7142,0.6663,0.8183,0.5682,0.6611,0.4619,0.5697,0.5123,0.6137
RandomForestClassifier,2 Classes IS vs W / Normal / No Scaler / SMOTE,0.6263,0.8170,0.6060,0.8173,0.6019,0.8065,0.6293,0.8193,0.6050,0.8012,0.6060,0.8173,0.5857,0.8175,0.5957,0.8174
RandomForestClassifier,2 Classes IS vs W / Normal / No Scaler / RandomOverSampler,0.6167,0.8369,0.6037,0.8458,0.5948,0.8292,0.6192,0.8394,0.6044,0.8256,0.6037,0.8458,0.5907,0.8546,0.5970,0.8502
RandomForestClassifier,2 Classes IS vs W / Normal / StandardScaler / Unbalanced,0.6744,0.7524,0.5690,0.6611,0.5452,0.6656,0.6143,0.7143,0.6656,0.8183,0.5690,0.6611,0.4636,0.5697,0.5136,0.6137
RandomForestClassifier,2 Classes IS vs W / Normal / StandardScaler / SMOTE,0.6264,0.8043,0.6163,0.8121,0.6084,0.7956,0.6316,0.8076,0.6117,0.7913,0.6163,0.8121,0.6062,0.8199,0.6112,0.8160
RandomForestClassifier,2 Classes IS vs W / Normal / StandardScaler / RandomOverSampler,0.6126,0.8369,0.5996,0.8458,0.5907,0.8292,0.6153,0.8394,0.5998,0.8256,0.5996,0.8458,0.5867,0.8546,0.5930,0.8502
RandomForestClassifier,2 Classes IS vs W / Normal / MinMaxScaler / Unbalanced,0.6744,0.7524,0.5682,0.6611,0.5435,0.6656,0.6132,0.7142,0.6681,0.8183,0.5682,0.6611,0.4619,0.5697,0.5123,0.6137
RandomForestClassifier,2 Classes IS vs W / Normal / MinMaxScaler / SMOTE,0.6016,0.8187,0.5996,0.8329,0.5868,0.8120,0.6078,0.8221,0.5940,0.8088,0.5996,0.8329,0.5977,0.8471,0.5986,0.8400
RandomForestClassifier,2 Classes IS vs W / Normal / MinMaxScaler / RandomOverSampler,0.6126,0.8372,0.5988,0.8460,0.5905,0.8295,0.6153,0.8397,0.5991,0.8259,0.5988,0.8460,0.5850,0.8548,0.5917,0.8504
RandomForestClassifier,2 Classes IS vs W / Feature Engineering / No Scaler / Unbalanced,0.6744,0.7524,0.5682,0.6611,0.5435,0.6656,0.6132,0.7142,0.6663,0.8183,0.5682,0.6611,0.4619,0.5697,0.5123,0.6137
RandomForestClassifier,2 Classes IS vs W / Feature Engineering / No Scaler / SMOTE,0.6263,0.8170,0.6060,0.8173,0.6019,0.8065,0.6293,0.8193,0.6050,0.8012,0.6060,0.8173,0.5857,0.8175,0.5957,0.8174
RandomForestClassifier,2 Classes IS vs W / Feature Engineering / No Scaler / RandomOverSampler,0.6167,0.8369,0.6037,0.8458,0.5948,0.8292,0.6192,0.8394,0.6044,0.8256,0.6037,0.8458,0.5907,0.8546,0.5970,0.8502
RandomForestClassifier,2 Classes IS vs W / Feature Engineering / StandardScaler / Unbalanced,0.6744,0.7524,0.5690,0.6611,0.5452,0.6656,0.6143,0.7143,0.6656,0.8183,0.5690,0.6611,0.4636,0.5697,0.5136,0.6137
RandomForestClassifier,2 Classes IS vs W / Feature Engineering / StandardScaler / SMOTE,0.6264,0.8043,0.6163,0.8121,0.6084,0.7956,0.6316,0.8076,0.6117,0.7913,0.6163,0.8121,0.6062,0.8199,0.6112,0.8160
RandomForestClassifier,2 Classes IS vs W / Feature Engineering / StandardScaler / RandomOverSampler,0.6126,0.8369,0.5996,0.8458,0.5907,0.8292,0.6153,0.8394,0.5998,0.8256,0.5996,0.8458,0.5867,0.8546,0.5930,0.8502
RandomForestClassifier,2 Classes IS vs W / Feature Engineering / MinMaxScaler / Unbalanced,0.6744,0.7524,0.5682,0.6611,0.5435,0.6656,0.6132,0.7142,0.6681,0.8183,0.5682,0.6611,0.4619,0.5697,0.5123,0.6137
RandomForestClassifier,2 Classes IS vs W / Feature Engineering / MinMaxScaler / SMOTE,0.6016,0.8187,0.5996,0.8329,0.5868,0.8120,0.6078,0.8221,0.5940,0.8088,0.5996,0.8329,0.5977,0.8471,0.5986,0.8400
RandomForestClassifier,2 Classes IS vs W / Feature Engineering / MinMaxScaler / RandomOverSampler,0.6126,0.8372,0.5988,0.8460,0.5905,0.8295,0.6153,0.8397,0.5991,0.8259,0.5988,0.8460,0.5850,0.8548,0.5917,0.8504
RandomForestClassifier,2 Classes S vs IW / Normal / No Scaler / Unbalanced,0.7500,0.7740,0.4982,0.5431,0.4286,0.5133,0.6452,0.6934,0.3760,0.8846,0.4982,0.5431,0.2464,0.3121,0.3503,0.4116
RandomForestClassifier,2 Classes S vs IW / Normal / No Scaler / SMOTE,0.6745,0.8650,0.5115,0.8017,0.5062,0.8124,0.6513,0.8626,0.5167,0.8277,0.5115,0.8017,0.3484,0.7383,0.4219,0.7693
RandomForestClassifier,2 Classes S vs IW / Normal / No Scaler / RandomOverSampler,0.6593,0.8987,0.5331,0.8833,0.5341,0.8694,0.6561,0.9006,0.5363,0.8605,0.5331,0.8833,0.4068,0.8678,0.4657,0.8755
RandomForestClassifier,2 Classes S vs IW / Normal / StandardScaler / Unbalanced,0.7500,0.7740,0.4982,0.5431,0.4286,0.5133,0.6452,0.6934,0.3760,0.8846,0.4982,0.5431,0.2464,0.3121,0.3503,0.4116
RandomForestClassifier,2 Classes S vs IW / Normal / StandardScaler / SMOTE,0.6511,0.8506,0.5108,0.8126,0.5088,0.8048,0.6420,0.8526,0.5113,0.7988,0.5108,0.8126,0.3705,0.7746,0.4348,0.7934
RandomForestClassifier,2 Classes S vs IW / Normal / StandardScaler / RandomOverSampler,0.6621,0.8983,0.5349,0.8830,0.5361,0.8690,0.6582,0.9003,0.5390,0.8600,0.5349,0.8830,0.4077,0.8677,0.4670,0.8753
RandomForestClassifier,2 Classes S vs IW / Normal / MinMaxScaler / Unbalanced,0.7500,0.7740,0.4982,0.5431,0.4286,0.5133,0.6452,0.6934,0.3760,0.8846,0.4982,0.5431,0.2464,0.3121,0.3503,0.4116
RandomForestClassifier,2 Classes S vs IW / Normal / MinMaxScaler / SMOTE,0.6306,0.8338,0.5195,0.8071,0.5164,0.7892,0.6344,0.8382,0.5185,0.7774,0.5195,0.8071,0.4085,0.7803,0.4601,0.7936
RandomForestClassifier,2 Classes S vs IW / Normal / MinMaxScaler / RandomOverSampler,0.6607,0.8987,0.5340,0.8833,0.5350,0.8694,0.6571,0.9006,0.5375,0.8605,0.5340,0.8833,0.4073,0.8678,0.4663,0.8755
RandomForestClassifier,2 Classes S vs IW / Feature Engineering / No Scaler / Unbalanced,0.7500,0.7740,0.4982,0.5431,0.4286,0.5133,0.6452,0.6934,0.3760,0.8846,0.4982,0.5431,0.2464,0.3121,0.3503,0.4116
RandomForestClassifier,2 Classes S vs IW / Feature Engineering / No Scaler / SMOTE,0.6745,0.8650,0.5115,0.8017,0.5062,0.8124,0.6513,0.8626,0.5167,0.8277,0.5115,0.8017,0.3484,0.7383,0.4219,0.7693
RandomForestClassifier,2 Classes S vs IW / Feature Engineering / No Scaler / RandomOverSampler,0.6593,0.8987,0.5331,0.8833,0.5341,0.8694,0.6561,0.9006,0.5363,0.8605,0.5331,0.8833,0.4068,0.8678,0.4657,0.8755
RandomForestClassifier,2 Classes S vs IW / Feature Engineering / StandardScaler / Unbalanced,0.7500,0.7740,0.4982,0.5431,0.4286,0.5133,0.6452,0.6934,0.3760,0.8846,0.4982,0.5431,0.2464,0.3121,0.3503,0.4116
RandomForestClassifier,2 Classes S vs IW / Feature Engineering / StandardScaler / SMOTE,0.6511,0.8506,0.5108,0.8126,0.5088,0.8048,0.6420,0.8526,0.5113,0.7988,0.5108,0.8126,0.3705,0.7746,0.4348,0.7934
RandomForestClassifier,2 Classes S vs IW / Feature Engineering / StandardScaler / RandomOverSampler,0.6621,0.8983,0.5349,0.8830,0.5361,0.8690,0.6582,0.9003,0.5390,0.8600,0.5349,0.8830,0.4077,0.8677,0.4670,0.8753
RandomForestClassifier,2 Classes S vs IW / Feature Engineering / MinMaxScaler / Unbalanced,0.7500,0.7740,0.4982,0.5431,0.4286,0.5133,0.6452,0.6934,0.3760,0.8846,0.4982,0.5431,0.2464,0.3121,0.3503,0.4116
RandomForestClassifier,2 Classes S vs IW / Feature Engineering / MinMaxScaler / SMOTE,0.6306,0.8338,0.5195,0.8071,0.5164,0.7892,0.6344,0.8382,0.5185,0.7774,0.5195,0.8071,0.4085,0.7803,0.4601,0.7936
RandomForestClassifier,2 Classes S vs IW / Feature Engineering / MinMaxScaler / RandomOverSampler,0.6607,0.8987,0.5340,0.8833,0.5350,0.8694,0.6571,0.9006,0.5375,0.8605,0.5340,0.8833,0.4073,0.8678,0.4663,0.8755
RandomForestClassifier,3 Classes / Normal / No Scaler / Unbalanced / Feature Selection,0.4519,0.6494,0.4024,0.6015,0.3641,0.5961,0.4023,0.6217,0.4226,0.7492,0.4024,0.6015,0.6683,0.7827,0.5185,0.6861
RandomForestClassifier,3 Classes / Normal / StandardScaler / Unbalanced / Feature Selection,0.4506,0.6487,0.4012,0.6009,0.3632,0.5956,0.4013,0.6211,0.4216,0.7486,0.4012,0.6009,0.6675,0.7823,0.5174,0.6856
RandomForestClassifier,3 Classes / Normal / MinMaxScaler / Unbalanced / Feature Selection,0.4506,0.6497,0.4012,0.6018,0.3631,0.5964,0.4011,0.6220,0.4217,0.7495,0.4012,0.6018,0.6675,0.7829,0.5174,0.6864
RandomForestClassifier,3 Classes / Feature Engineering / No Scaler / Unbalanced / Feature Selection,0.4519,0.6494,0.4024,0.6015,0.3641,0.5961,0.4023,0.6217,0.4226,0.7492,0.4024,0.6015,0.6683,0.7827,0.5185,0.6861
RandomForestClassifier,3 Classes / Feature Engineering / StandardScaler / Unbalanced / Feature Selection,0.4506,0.6487,0.4012,0.6009,0.3632,0.5956,0.4013,0.6211,0.4216,0.7486,0.4012,0.6009,0.6675,0.7823,0.5174,0.6856
RandomForestClassifier,3 Classes / Feature Engineering / MinMaxScaler / Unbalanced / Feature Selection,0.4506,0.6497,0.4012,0.6018,0.3631,0.5964,0.4011,0.6220,0.4217,0.7495,0.4012,0.6018,0.6675,0.7829,0.5174,0.6864
RandomForestClassifier,2 Classes IS vs W / Normal / No Scaler / Unbalanced / Feature Selection,0.6799,0.7400,0.5742,0.6457,0.5516,0.6459,0.6200,0.6981,0.6842,0.7998,0.5742,0.6457,0.4684,0.5513,0.5186,0.5966
RandomForestClassifier,2 Classes IS vs W / Normal / No Scaler / SMOTE / Feature Selection,0.6250,0.7830,0.5947,0.7671,0.5942,0.7650,0.6254,0.7835,0.5995,0.7645,0.5947,0.7671,0.5645,0.7512,0.5794,0.7591
RandomForestClassifier,2 Classes IS vs W / Normal / No Scaler / RandomOverSampler / Feature Selection,0.6016,0.7912,0.5937,0.8034,0.5821,0.7834,0.6052,0.7948,0.5921,0.7833,0.5937,0.8034,0.5858,0.8156,0.5896,0.8094
RandomForestClassifier,2 Classes IS vs W / Normal / StandardScaler / Unbalanced / Feature Selection,0.6799,0.7404,0.5742,0.6462,0.5516,0.6466,0.6200,0.6986,0.6842,0.8001,0.5742,0.6462,0.4684,0.5519,0.5186,0.5972
RandomForestClassifier,2 Classes IS vs W / Normal / StandardScaler / SMOTE / Feature Selection,0.6098,0.7768,0.5983,0.7856,0.5907,0.7681,0.6153,0.7808,0.5933,0.7654,0.5983,0.7856,0.5868,0.7943,0.5925,0.7899
RandomForestClassifier,2 Classes IS vs W / Normal / StandardScaler / RandomOverSampler / Feature Selection,0.6016,0.7919,0.5937,0.8039,0.5821,0.7841,0.6052,0.7955,0.5921,0.7839,0.5937,0.8039,0.5858,0.8160,0.5896,0.8099
RandomForestClassifier,2 Classes IS vs W / Normal / MinMaxScaler / Unbalanced / Feature Selection,0.6799,0.7400,0.5742,0.6457,0.5516,0.6459,0.6200,0.6981,0.6842,0.7998,0.5742,0.6457,0.4684,0.5513,0.5186,0.5966
RandomForestClassifier,2 Classes IS vs W / Normal / MinMaxScaler / SMOTE / Feature Selection,0.5989,0.7692,0.6009,0.7823,0.5874,0.7617,0.6064,0.7738,0.5941,0.7608,0.6009,0.7823,0.6029,0.7953,0.6019,0.7887
RandomForestClassifier,2 Classes IS vs W / Normal / MinMaxScaler / RandomOverSampler / Feature Selection,0.6016,0.7919,0.5937,0.8039,0.5821,0.7841,0.6052,0.7954,0.5921,0.7839,0.5937,0.8039,0.5858,0.8160,0.5896,0.8099
RandomForestClassifier,2 Classes IS vs W / Feature Engineering / No Scaler / Unbalanced / Feature Selection,0.6799,0.7400,0.5742,0.6457,0.5516,0.6459,0.6200,0.6981,0.6842,0.7998,0.5742,0.6457,0.4684,0.5513,0.5186,0.5966
RandomForestClassifier,2 Classes IS vs W / Feature Engineering / No Scaler / SMOTE / Feature Selection,0.6250,0.7830,0.5947,0.7671,0.5942,0.7650,0.6254,0.7835,0.5995,0.7645,0.5947,0.7671,0.5645,0.7512,0.5794,0.7591
RandomForestClassifier,2 Classes IS vs W / Feature Engineering / No Scaler / RandomOverSampler / Feature Selection,0.6016,0.7912,0.5937,0.8034,0.5821,0.7834,0.6052,0.7948,0.5921,0.7833,0.5937,0.8034,0.5858,0.8156,0.5896,0.8094
RandomForestClassifier,2 Classes IS vs W / Feature Engineering / StandardScaler / Unbalanced / Feature Selection,0.6799,0.7404,0.5742,0.6462,0.5516,0.6466,0.6200,0.6986,0.6842,0.8001,0.5742,0.6462,0.4684,0.5519,0.5186,0.5972
RandomForestClassifier,2 Classes IS vs W / Feature Engineering / StandardScaler / SMOTE / Feature Selection,0.6098,0.7768,0.5983,0.7856,0.5907,0.7681,0.6153,0.7808,0.5933,0.7654,0.5983,0.7856,0.5868,0.7943,0.5925,0.7899
RandomForestClassifier,2 Classes IS vs W / Feature Engineering / StandardScaler / RandomOverSampler / Feature Selection,0.6016,0.7919,0.5937,0.8039,0.5821,0.7841,0.6052,0.7955,0.5921,0.7839,0.5937,0.8039,0.5858,0.8160,0.5896,0.8099
RandomForestClassifier,2 Classes IS vs W / Feature Engineering / MinMaxScaler / Unbalanced / Feature Selection,0.6799,0.7400,0.5742,0.6457,0.5516,0.6459,0.6200,0.6981,0.6842,0.7998,0.5742,0.6457,0.4684,0.5513,0.5186,0.5966
RandomForestClassifier,2 Classes IS vs W / Feature Engineering / MinMaxScaler / SMOTE / Feature Selection,0.5989,0.7692,0.6009,0.7823,0.5874,0.7617,0.6064,0.7738,0.5941,0.7608,0.6009,0.7823,0.6029,0.7953,0.6019,0.7887
RandomForestClassifier,2 Classes IS vs W / Feature Engineering / MinMaxScaler / RandomOverSampler / Feature Selection,0.6016,0.7919,0.5937,0.8039,0.5821,0.7841,0.6052,0.7954,0.5921,0.7839,0.5937,0.8039,0.5858,0.8160,0.5896,0.8099
RandomForestClassifier,2 Classes S vs IW / Normal / No Scaler / Unbalanced / Feature Selection,0.7514,0.7733,0.5010,0.5417,0.4342,0.5111,0.6483,0.6921,0.4266,0.8843,0.5010,0.5417,0.2505,0.3100,0.3543,0.4097
RandomForestClassifier,2 Classes S vs IW / Normal / No Scaler / SMOTE / Feature Selection,0.6896,0.8348,0.5103,0.7252,0.5000,0.7494,0.6551,0.8232,0.5132,0.8048,0.5103,0.7252,0.3310,0.6156,0.4104,0.6681
RandomForestClassifier,2 Classes S vs IW / Normal / No Scaler / RandomOverSampler / Feature Selection,0.6209,0.8585,0.5169,0.8286,0.5155,0.8165,0.6293,0.8608,0.5174,0.8089,0.5169,0.8286,0.4129,0.7987,0.4619,0.8135
RandomForestClassifier,2 Classes S vs IW / Normal / StandardScaler / Unbalanced / Feature Selection,0.7514,0.7733,0.5010,0.5417,0.4342,0.5112,0.6483,0.6921,0.4266,0.8843,0.5010,0.5417,0.2505,0.3100,0.3543,0.4097
RandomForestClassifier,2 Classes S vs IW / Normal / StandardScaler / SMOTE / Feature Selection,0.6511,0.8084,0.5351,0.7622,0.5343,0.7519,0.6515,0.8117,0.5381,0.7444,0.5351,0.7622,0.4191,0.7160,0.4734,0.7387
RandomForestClassifier,2 Classes S vs IW / Normal / StandardScaler / RandomOverSampler / Feature Selection,0.6196,0.8592,0.5179,0.8291,0.5163,0.8172,0.6288,0.8614,0.5185,0.8097,0.5179,0.8291,0.4162,0.7989,0.4642,0.8138
RandomForestClassifier,2 Classes S vs IW / Normal / MinMaxScaler / Unbalanced / Feature Selection,0.7514,0.7730,0.5010,0.5410,0.4342,0.5099,0.6483,0.6914,0.4266,0.8842,0.5010,0.5410,0.2505,0.3089,0.3543,0.4088
RandomForestClassifier,2 Classes S vs IW / Normal / MinMaxScaler / SMOTE / Feature Selection,0.6113,0.7843,0.5310,0.7635,0.5242,0.7359,0.6267,0.7930,0.5271,0.7237,0.5310,0.7635,0.4507,0.7426,0.4891,0.7529
RandomForestClassifier,2 Classes S vs IW / Normal / MinMaxScaler / RandomOverSampler / Feature Selection,0.6195,0.8582,0.5160,0.8284,0.5145,0.8161,0.6283,0.8605,0.5164,0.8085,0.5160,0.8284,0.4125,0.7986,0.4613,0.8133
RandomForestClassifier,2 Classes S vs IW / Feature Engineering / No Scaler / Unbalanced / Feature Selection,0.7514,0.7733,0.5010,0.5417,0.4342,0.5111,0.6483,0.6921,0.4266,0.8843,0.5010,0.5417,0.2505,0.3100,0.3543,0.4097
RandomForestClassifier,2 Classes S vs IW / Feature Engineering / No Scaler / SMOTE / Feature Selection,0.6896,0.8348,0.5103,0.7252,0.5000,0.7494,0.6551,0.8232,0.5132,0.8048,0.5103,0.7252,0.3310,0.6156,0.4104,0.6681
RandomForestClassifier,2 Classes S vs IW / Feature Engineering / No Scaler / RandomOverSampler / Feature Selection,0.6209,0.8585,0.5169,0.8286,0.5155,0.8165,0.6293,0.8608,0.5174,0.8089,0.5169,0.8286,0.4129,0.7987,0.4619,0.8135
RandomForestClassifier,2 Classes S vs IW / Feature Engineering / StandardScaler / Unbalanced / Feature Selection,0.7514,0.7733,0.5010,0.5417,0.4342,0.5112,0.6483,0.6921,0.4266,0.8843,0.5010,0.5417,0.2505,0.3100,0.3543,0.4097
RandomForestClassifier,2 Classes S vs IW / Feature Engineering / StandardScaler / SMOTE / Feature Selection,0.6511,0.8084,0.5351,0.7622,0.5343,0.7519,0.6515,0.8117,0.5381,0.7444,0.5351,0.7622,0.4191,0.7160,0.4734,0.7387
RandomForestClassifier,2 Classes S vs IW / Feature Engineering / StandardScaler / RandomOverSampler / Feature Selection,0.6196,0.8592,0.5179,0.8291,0.5163,0.8172,0.6288,0.8614,0.5185,0.8097,0.5179,0.8291,0.4162,0.7989,0.4642,0.8138
RandomForestClassifier,2 Classes S vs IW / Feature Engineering / MinMaxScaler / Unbalanced / Feature Selection,0.7514,0.7730,0.5010,0.5410,0.4342,0.5099,0.6483,0.6914,0.4266,0.8842,0.5010,0.5410,0.2505,0.3089,0.3543,0.4088
RandomForestClassifier,2 Classes S vs IW / Feature Engineering / MinMaxScaler / SMOTE / Feature Selection,0.6113,0.7843,0.5310,0.7635,0.5242,0.7359,0.6267,0.7930,0.5271,0.7237,0.5310,0.7635,0.4507,0.7426,0.4891,0.7529
RandomForestClassifier,2 Classes S vs IW / Feature Engineering / MinMaxScaler / RandomOverSampler / Feature Selection,0.6195,0.8582,0.5160,0.8284,0.5145,0.8161,0.6283,0.8605,0.5164,0.8085,0.5160,0.8284,0.4125,0.7986,0.4613,0.8133
ExtraTreesClassifier,3 Classes / Normal / No Scaler / Unbalanced,0.4450,0.6095,0.3889,0.5521,0.3315,0.5304,0.3742,0.5650,0.4072,0.7544,0.3889,0.5521,0.6551,0.7528,0.5047,0.6447
ExtraTreesClassifier,3 Classes / Normal / StandardScaler / Unbalanced,0.4450,0.6095,0.3889,0.5521,0.3315,0.5304,0.3742,0.5650,0.4072,0.7544,0.3889,0.5521,0.6551,0.7528,0.5047,0.6447
ExtraTreesClassifier,3 Classes / Normal / MinMaxScaler / Unbalanced,0.4450,0.6095,0.3889,0.5521,0.3315,0.5304,0.3742,0.5650,0.4072,0.7544,0.3889,0.5521,0.6551,0.7528,0.5047,0.6447
ExtraTreesClassifier,3 Classes / Feature Engineering / No Scaler / Unbalanced,0.4450,0.6095,0.3889,0.5521,0.3315,0.5304,0.3742,0.5650,0.4072,0.7544,0.3889,0.5521,0.6551,0.7528,0.5047,0.6447
ExtraTreesClassifier,3 Classes / Feature Engineering / StandardScaler / Unbalanced,0.4450,0.6095,0.3889,0.5521,0.3315,0.5304,0.3742,0.5650,0.4072,0.7544,0.3889,0.5521,0.6551,0.7528,0.5047,0.6447
ExtraTreesClassifier,3 Classes / Feature Engineering / MinMaxScaler / Unbalanced,0.4450,0.6095,0.3889,0.5521,0.3315,0.5304,0.3742,0.5650,0.4072,0.7544,0.3889,0.5521,0.6551,0.7528,0.5047,0.6447
ExtraTreesClassifier,2 Classes IS vs W / Normal / No Scaler / Unbalanced,0.6744,0.7057,0.5622,0.5991,0.5291,0.5817,0.6036,0.6468,0.6901,0.7566,0.5622,0.5991,0.4500,0.4925,0.5029,0.5432
ExtraTreesClassifier,2 Classes IS vs W / Normal / No Scaler / SMOTE,0.6319,0.7692,0.5813,0.7363,0.5812,0.7409,0.6220,0.7651,0.5961,0.7540,0.5813,0.7363,0.5307,0.7034,0.5554,0.7196
ExtraTreesClassifier,2 Classes IS vs W / Normal / No Scaler / RandomOverSampler,0.6236,0.7861,0.5869,0.7701,0.5841,0.7678,0.6193,0.7860,0.5922,0.7708,0.5869,0.7701,0.5501,0.7542,0.5681,0.7621
ExtraTreesClassifier,2 Classes IS vs W / Normal / StandardScaler / Unbalanced,0.6744,0.7057,0.5622,0.5991,0.5291,0.5817,0.6036,0.6468,0.6901,0.7566,0.5622,0.5991,0.4500,0.4925,0.5029,0.5432
ExtraTreesClassifier,2 Classes IS vs W / Normal / StandardScaler / SMOTE,0.6167,0.7665,0.5874,0.7536,0.5855,0.7490,0.6167,0.7677,0.5926,0.7481,0.5874,0.7536,0.5582,0.7408,0.5725,0.7471
ExtraTreesClassifier,2 Classes IS vs W / Normal / StandardScaler / RandomOverSampler,0.6236,0.7861,0.5869,0.7701,0.5841,0.7678,0.6193,0.7860,0.5922,0.7708,0.5869,0.7701,0.5501,0.7542,0.5681,0.7621
ExtraTreesClassifier,2 Classes IS vs W / Normal / MinMaxScaler / Unbalanced,0.6744,0.7057,0.5622,0.5991,0.5291,0.5817,0.6036,0.6468,0.6901,0.7566,0.5622,0.5991,0.4500,0.4925,0.5029,0.5432
ExtraTreesClassifier,2 Classes IS vs W / Normal / MinMaxScaler / SMOTE,0.6072,0.7620,0.5868,0.7566,0.5834,0.7479,0.6111,0.7648,0.5871,0.7452,0.5868,0.7566,0.5665,0.7511,0.5765,0.7538
ExtraTreesClassifier,2 Classes IS vs W / Normal / MinMaxScaler / RandomOverSampler,0.6236,0.7861,0.5869,0.7701,0.5841,0.7678,0.6193,0.7860,0.5922,0.7708,0.5869,0.7701,0.5501,0.7542,0.5681,0.7621
ExtraTreesClassifier,2 Classes IS vs W / Feature Engineering / No Scaler / Unbalanced,0.6744,0.7057,0.5622,0.5991,0.5291,0.5817,0.6036,0.6468,0.6901,0.7566,0.5622,0.5991,0.4500,0.4925,0.5029,0.5432
ExtraTreesClassifier,2 Classes IS vs W / Feature Engineering / No Scaler / SMOTE,0.6319,0.7692,0.5813,0.7363,0.5812,0.7409,0.6220,0.7651,0.5961,0.7540,0.5813,0.7363,0.5307,0.7034,0.5554,0.7196
ExtraTreesClassifier,2 Classes IS vs W / Feature Engineering / No Scaler / RandomOverSampler,0.6236,0.7861,0.5869,0.7701,0.5841,0.7678,0.6193,0.7860,0.5922,0.7708,0.5869,0.7701,0.5501,0.7542,0.5681,0.7621
ExtraTreesClassifier,2 Classes IS vs W / Feature Engineering / StandardScaler / Unbalanced,0.6744,0.7057,0.5622,0.5991,0.5291,0.5817,0.6036,0.6468,0.6901,0.7566,0.5622,0.5991,0.4500,0.4925,0.5029,0.5432
ExtraTreesClassifier,2 Classes IS vs W / Feature Engineering / StandardScaler / SMOTE,0.6167,0.7665,0.5874,0.7536,0.5855,0.7490,0.6167,0.7677,0.5926,0.7481,0.5874,0.7536,0.5582,0.7408,0.5725,0.7471
ExtraTreesClassifier,2 Classes IS vs W / Feature Engineering / StandardScaler / RandomOverSampler,0.6236,0.7861,0.5869,0.7701,0.5841,0.7678,0.6193,0.7860,0.5922,0.7708,0.5869,0.7701,0.5501,0.7542,0.5681,0.7621
ExtraTreesClassifier,2 Classes IS vs W / Feature Engineering / MinMaxScaler / Unbalanced,0.6744,0.7057,0.5622,0.5991,0.5291,0.5817,0.6036,0.6468,0.6901,0.7566,0.5622,0.5991,0.4500,0.4925,0.5029,0.5432
ExtraTreesClassifier,2 Classes IS vs W / Feature Engineering / MinMaxScaler / SMOTE,0.6072,0.7620,0.5868,0.7566,0.5834,0.7479,0.6111,0.7648,0.5871,0.7452,0.5868,0.7566,0.5665,0.7511,0.5765,0.7538
ExtraTreesClassifier,2 Classes IS vs W / Feature Engineering / MinMaxScaler / RandomOverSampler,0.6236,0.7861,0.5869,0.7701,0.5841,0.7678,0.6193,0.7860,0.5922,0.7708,0.5869,0.7701,0.5501,0.7542,0.5681,0.7621
ExtraTreesClassifier,2 Classes S vs IW / Normal / No Scaler / Unbalanced,0.7514,0.7648,0.5009,0.5243,0.4343,0.4785,0.6484,0.6738,0.4765,0.8810,0.5009,0.5243,0.2505,0.2838,0.3542,0.3857
ExtraTreesClassifier,2 Classes S vs IW / Normal / No Scaler / SMOTE,0.6388,0.8084,0.4933,0.7295,0.4929,0.7345,0.6303,0.8050,0.4949,0.7471,0.4933,0.7295,0.3478,0.6507,0.4142,0.6888
ExtraTreesClassifier,2 Classes S vs IW / Normal / No Scaler / RandomOverSampler,0.6224,0.8269,0.5272,0.8118,0.5244,0.7857,0.6328,0.8328,0.5273,0.7763,0.5272,0.8118,0.4321,0.7967,0.4772,0.8041
ExtraTreesClassifier,2 Classes S vs IW / Normal / StandardScaler / Unbalanced,0.7514,0.7648,0.5009,0.5243,0.4343,0.4785,0.6484,0.6738,0.4765,0.8810,0.5009,0.5243,0.2505,0.2838,0.3542,0.3857
ExtraTreesClassifier,2 Classes S vs IW / Normal / StandardScaler / SMOTE,0.6334,0.7723,0.5308,0.7387,0.5294,0.7177,0.6410,0.7803,0.5305,0.7082,0.5308,0.7387,0.4281,0.7051,0.4767,0.7216
ExtraTreesClassifier,2 Classes S vs IW / Normal / StandardScaler / RandomOverSampler,0.6224,0.8269,0.5272,0.8118,0.5244,0.7857,0.6328,0.8328,0.5273,0.7763,0.5272,0.8118,0.4321,0.7967,0.4772,0.8041
ExtraTreesClassifier,2 Classes S vs IW / Normal / MinMaxScaler / Unbalanced,0.7514,0.7648,0.5009,0.5243,0.4343,0.4785,0.6484,0.6738,0.4765,0.8810,0.5009,0.5243,0.2505,0.2838,0.3542,0.3857
ExtraTreesClassifier,2 Classes S vs IW / Normal / MinMaxScaler / SMOTE,0.5989,0.7795,0.5284,0.7761,0.5196,0.7379,0.6182,0.7906,0.5238,0.7261,0.5284,0.7761,0.4579,0.7727,0.4919,0.7744
ExtraTreesClassifier,2 Classes S vs IW / Normal / MinMaxScaler / RandomOverSampler,0.6224,0.8269,0.5272,0.8118,0.5244,0.7857,0.6328,0.8328,0.5273,0.7763,0.5272,0.8118,0.4321,0.7967,0.4772,0.8041
ExtraTreesClassifier,2 Classes S vs IW / Feature Engineering / No Scaler / Unbalanced,0.7514,0.7648,0.5009,0.5243,0.4343,0.4785,0.6484,0.6738,0.4765,0.8810,0.5009,0.5243,0.2505,0.2838,0.3542,0.3857
ExtraTreesClassifier,2 Classes S vs IW / Feature Engineering / No Scaler / SMOTE,0.6388,0.8084,0.4933,0.7295,0.4929,0.7345,0.6303,0.8050,0.4949,0.7471,0.4933,0.7295,0.3478,0.6507,0.4142,0.6888
ExtraTreesClassifier,2 Classes S vs IW / Feature Engineering / No Scaler / RandomOverSampler,0.6224,0.8269,0.5272,0.8118,0.5244,0.7857,0.6328,0.8328,0.5273,0.7763,0.5272,0.8118,0.4321,0.7967,0.4772,0.8041
ExtraTreesClassifier,2 Classes S vs IW / Feature Engineering / StandardScaler / Unbalanced,0.7514,0.7648,0.5009,0.5243,0.4343,0.4785,0.6484,0.6738,0.4765,0.8810,0.5009,0.5243,0.2505,0.2838,0.3542,0.3857
ExtraTreesClassifier,2 Classes S vs IW / Feature Engineering / StandardScaler / SMOTE,0.6334,0.7723,0.5308,0.7387,0.5294,0.7177,0.6410,0.7803,0.5305,0.7082,0.5308,0.7387,0.4281,0.7051,0.4767,0.7216
ExtraTreesClassifier,2 Classes S vs IW / Feature Engineering / StandardScaler / RandomOverSampler,0.6224,0.8269,0.5272,0.8118,0.5244,0.7857,0.6328,0.8328,0.5273,0.7763,0.5272,0.8118,0.4321,0.7967,0.4772,0.8041
ExtraTreesClassifier,2 Classes S vs IW / Feature Engineering / MinMaxScaler / Unbalanced,0.7514,0.7648,0.5009,0.5243,0.4343,0.4785,0.6484,0.6738,0.4765,0.8810,0.5009,0.5243,0.2505,0.2838,0.3542,0.3857
ExtraTreesClassifier,2 Classes S vs IW / Feature Engineering / MinMaxScaler / SMOTE,0.5989,0.7795,0.5284,0.7761,0.5196,0.7379,0.6182,0.7906,0.5238,0.7261,0.5284,0.7761,0.4579,0.7727,0.4919,0.7744
ExtraTreesClassifier,2 Classes S vs IW / Feature Engineering / MinMaxScaler / RandomOverSampler,0.6224,0.8269,0.5272,0.8118,0.5244,0.7857,0.6328,0.8328,0.5273,0.7763,0.5272,0.8118,0.4321,0.7967,0.4772,0.8041
ExtraTreesClassifier,3 Classes / Normal / No Scaler / Unbalanced / Feature Selection,0.4327,0.5876,0.3793,0.5320,0.3272,0.5092,0.3689,0.5433,0.3364,0.7291,0.3793,0.5320,0.6522,0.7407,0.4973,0.6277
ExtraTreesClassifier,3 Classes / Normal / StandardScaler / Unbalanced / Feature Selection,0.4327,0.5876,0.3793,0.5320,0.3272,0.5092,0.3689,0.5433,0.3364,0.7291,0.3793,0.5320,0.6522,0.7407,0.4973,0.6277
ExtraTreesClassifier,3 Classes / Normal / MinMaxScaler / Unbalanced / Feature Selection,0.4327,0.5876,0.3793,0.5320,0.3272,0.5092,0.3689,0.5433,0.3364,0.7291,0.3793,0.5320,0.6522,0.7407,0.4973,0.6277
ExtraTreesClassifier,3 Classes / Feature Engineering / No Scaler / Unbalanced / Feature Selection,0.4327,0.5876,0.3793,0.5320,0.3272,0.5092,0.3689,0.5433,0.3364,0.7291,0.3793,0.5320,0.6522,0.7407,0.4973,0.6277
ExtraTreesClassifier,3 Classes / Feature Engineering / StandardScaler / Unbalanced / Feature Selection,0.4327,0.5876,0.3793,0.5320,0.3272,0.5092,0.3689,0.5433,0.3364,0.7291,0.3793,0.5320,0.6522,0.7407,0.4973,0.6277
ExtraTreesClassifier,3 Classes / Feature Engineering / MinMaxScaler / Unbalanced / Feature Selection,0.4327,0.5876,0.3793,0.5320,0.3272,0.5092,0.3689,0.5433,0.3364,0.7291,0.3793,0.5320,0.6522,0.7407,0.4973,0.6277
ExtraTreesClassifier,2 Classes IS vs W / Normal / No Scaler / Unbalanced / Feature Selection,0.6758,0.7023,0.5650,0.5954,0.5342,0.5769,0.6074,0.6427,0.6875,0.7470,0.5650,0.5954,0.4542,0.4884,0.5065,0.5393
ExtraTreesClassifier,2 Classes IS vs W / Normal / No Scaler / SMOTE / Feature Selection,0.6374,0.7356,0.5899,0.7052,0.5895,0.7065,0.6283,0.7324,0.6080,0.7148,0.5899,0.7052,0.5423,0.6749,0.5655,0.6898
ExtraTreesClassifier,2 Classes IS vs W / Normal / No Scaler / RandomOverSampler / Feature Selection,0.6058,0.7490,0.5798,0.7385,0.5757,0.7320,0.6059,0.7509,0.5854,0.7321,0.5798,0.7385,0.5539,0.7280,0.5666,0.7332
ExtraTreesClassifier,2 Classes IS vs W / Normal / StandardScaler / Unbalanced / Feature Selection,0.6758,0.7023,0.5650,0.5954,0.5342,0.5769,0.6074,0.6427,0.6875,0.7470,0.5650,0.5954,0.4542,0.4884,0.5065,0.5393
ExtraTreesClassifier,2 Classes IS vs W / Normal / StandardScaler / SMOTE / Feature Selection,0.5989,0.7290,0.5838,0.7222,0.5766,0.7130,0.6023,0.7319,0.5840,0.7130,0.5838,0.7222,0.5688,0.7153,0.5761,0.7187
ExtraTreesClassifier,2 Classes IS vs W / Normal / StandardScaler / RandomOverSampler / Feature Selection,0.6058,0.7490,0.5798,0.7385,0.5757,0.7320,0.6059,0.7509,0.5854,0.7321,0.5798,0.7385,0.5539,0.7280,0.5666,0.7332
ExtraTreesClassifier,2 Classes IS vs W / Normal / MinMaxScaler / Unbalanced / Feature Selection,0.6758,0.7023,0.5650,0.5954,0.5342,0.5769,0.6074,0.6427,0.6875,0.7470,0.5650,0.5954,0.4542,0.4884,0.5065,0.5393
ExtraTreesClassifier,2 Classes IS vs W / Normal / MinMaxScaler / SMOTE / Feature Selection,0.6058,0.7387,0.5883,0.7350,0.5836,0.7247,0.6103,0.7422,0.5864,0.7227,0.5883,0.7350,0.5709,0.7313,0.5795,0.7331
ExtraTreesClassifier,2 Classes IS vs W / Normal / MinMaxScaler / RandomOverSampler / Feature Selection,0.6058,0.7490,0.5798,0.7385,0.5757,0.7320,0.6059,0.7509,0.5854,0.7321,0.5798,0.7385,0.5539,0.7280,0.5666,0.7332
ExtraTreesClassifier,2 Classes IS vs W / Feature Engineering / No Scaler / Unbalanced / Feature Selection,0.6758,0.7023,0.5650,0.5954,0.5342,0.5769,0.6074,0.6427,0.6875,0.7470,0.5650,0.5954,0.4542,0.4884,0.5065,0.5393
ExtraTreesClassifier,2 Classes IS vs W / Feature Engineering / No Scaler / SMOTE / Feature Selection,0.6374,0.7356,0.5899,0.7052,0.5895,0.7065,0.6283,0.7324,0.6080,0.7148,0.5899,0.7052,0.5423,0.6749,0.5655,0.6898
ExtraTreesClassifier,2 Classes IS vs W / Feature Engineering / No Scaler / RandomOverSampler / Feature Selection,0.6058,0.7490,0.5798,0.7385,0.5757,0.7320,0.6059,0.7509,0.5854,0.7321,0.5798,0.7385,0.5539,0.7280,0.5666,0.7332
ExtraTreesClassifier,2 Classes IS vs W / Feature Engineering / StandardScaler / Unbalanced / Feature Selection,0.6758,0.7023,0.5650,0.5954,0.5342,0.5769,0.6074,0.6427,0.6875,0.7470,0.5650,0.5954,0.4542,0.4884,0.5065,0.5393
ExtraTreesClassifier,2 Classes IS vs W / Feature Engineering / StandardScaler / SMOTE / Feature Selection,0.5989,0.7290,0.5838,0.7222,0.5766,0.7130,0.6023,0.7319,0.5840,0.7130,0.5838,0.7222,0.5688,0.7153,0.5761,0.7187
ExtraTreesClassifier,2 Classes IS vs W / Feature Engineering / StandardScaler / RandomOverSampler / Feature Selection,0.6058,0.7490,0.5798,0.7385,0.5757,0.7320,0.6059,0.7509,0.5854,0.7321,0.5798,0.7385,0.5539,0.7280,0.5666,0.7332
ExtraTreesClassifier,2 Classes IS vs W / Feature Engineering / MinMaxScaler / Unbalanced / Feature Selection,0.6758,0.7023,0.5650,0.5954,0.5342,0.5769,0.6074,0.6427,0.6875,0.7470,0.5650,0.5954,0.4542,0.4884,0.5065,0.5393
ExtraTreesClassifier,2 Classes IS vs W / Feature Engineering / MinMaxScaler / SMOTE / Feature Selection,0.6058,0.7387,0.5883,0.7350,0.5836,0.7247,0.6103,0.7422,0.5864,0.7227,0.5883,0.7350,0.5709,0.7313,0.5795,0.7331
ExtraTreesClassifier,2 Classes IS vs W / Feature Engineering / MinMaxScaler / RandomOverSampler / Feature Selection,0.6058,0.7490,0.5798,0.7385,0.5757,0.7320,0.6059,0.7509,0.5854,0.7321,0.5798,0.7385,0.5539,0.7280,0.5666,0.7332
ExtraTreesClassifier,2 Classes S vs IW / Normal / No Scaler / Unbalanced / Feature Selection,0.7500,0.7644,0.4982,0.5236,0.4286,0.4773,0.6452,0.6731,0.3760,0.8808,0.4982,0.5236,0.2463,0.2828,0.3503,0.3848
ExtraTreesClassifier,2 Classes S vs IW / Normal / No Scaler / SMOTE / Feature Selection,0.6593,0.7957,0.4939,0.6847,0.4843,0.6991,0.6356,0.7851,0.4830,0.7292,0.4939,0.6847,0.3285,0.5738,0.4019,0.6267
ExtraTreesClassifier,2 Classes S vs IW / Normal / No Scaler / RandomOverSampler / Feature Selection,0.5949,0.7836,0.5165,0.7676,0.5042,0.7378,0.6085,0.7920,0.5131,0.7366,0.5165,0.7676,0.4381,0.7517,0.4748,0.7593
ExtraTreesClassifier,2 Classes S vs IW / Normal / StandardScaler / Unbalanced / Feature Selection,0.7500,0.7644,0.4982,0.5236,0.4286,0.4773,0.6452,0.6731,0.3760,0.8808,0.4982,0.5236,0.2463,0.2828,0.3503,0.3848
ExtraTreesClassifier,2 Classes S vs IW / Normal / StandardScaler / SMOTE / Feature Selection,0.5962,0.7311,0.5210,0.7034,0.5127,0.6764,0.6144,0.7434,0.5170,0.6697,0.5210,0.7034,0.4458,0.6757,0.4817,0.6893
ExtraTreesClassifier,2 Classes S vs IW / Normal / StandardScaler / RandomOverSampler / Feature Selection,0.5949,0.7836,0.5165,0.7676,0.5042,0.7378,0.6085,0.7920,0.5131,0.7366,0.5165,0.7676,0.4381,0.7517,0.4748,0.7593
ExtraTreesClassifier,2 Classes S vs IW / Normal / MinMaxScaler / Unbalanced / Feature Selection,0.7500,0.7644,0.4982,0.5236,0.4286,0.4773,0.6452,0.6731,0.3760,0.8808,0.4982,0.5236,0.2463,0.2828,0.3503,0.3848
ExtraTreesClassifier,2 Classes S vs IW / Normal / MinMaxScaler / SMOTE / Feature Selection,0.5784,0.7246,0.5483,0.7294,0.5234,0.6838,0.6047,0.7411,0.5369,0.6794,0.5483,0.7294,0.5182,0.7342,0.5328,0.7318
ExtraTreesClassifier,2 Classes S vs IW / Normal / MinMaxScaler / RandomOverSampler / Feature Selection,0.5949,0.7836,0.5165,0.7676,0.5042,0.7378,0.6085,0.7920,0.5131,0.7366,0.5165,0.7676,0.4381,0.7517,0.4748,0.7593
ExtraTreesClassifier,2 Classes S vs IW / Feature Engineering / No Scaler / Unbalanced / Feature Selection,0.7500,0.7644,0.4982,0.5236,0.4286,0.4773,0.6452,0.6731,0.3760,0.8808,0.4982,0.5236,0.2463,0.2828,0.3503,0.3848
ExtraTreesClassifier,2 Classes S vs IW / Feature Engineering / No Scaler / SMOTE / Feature Selection,0.6593,0.7957,0.4939,0.6847,0.4843,0.6991,0.6356,0.7851,0.4830,0.7292,0.4939,0.6847,0.3285,0.5738,0.4019,0.6267
ExtraTreesClassifier,2 Classes S vs IW / Feature Engineering / No Scaler / RandomOverSampler / Feature Selection,0.5949,0.7836,0.5165,0.7676,0.5042,0.7378,0.6085,0.7920,0.5131,0.7366,0.5165,0.7676,0.4381,0.7517,0.4748,0.7593
ExtraTreesClassifier,2 Classes S vs IW / Feature Engineering / StandardScaler / Unbalanced / Feature Selection,0.7500,0.7644,0.4982,0.5236,0.4286,0.4773,0.6452,0.6731,0.3760,0.8808,0.4982,0.5236,0.2463,0.2828,0.3503,0.3848
ExtraTreesClassifier,2 Classes S vs IW / Feature Engineering / StandardScaler / SMOTE / Feature Selection,0.5962,0.7311,0.5210,0.7034,0.5127,0.6764,0.6144,0.7434,0.5170,0.6697,0.5210,0.7034,0.4458,0.6757,0.4817,0.6893
ExtraTreesClassifier,2 Classes S vs IW / Feature Engineering / StandardScaler / RandomOverSampler / Feature Selection,0.5949,0.7836,0.5165,0.7676,0.5042,0.7378,0.6085,0.7920,0.5131,0.7366,0.5165,0.7676,0.4381,0.7517,0.4748,0.7593
ExtraTreesClassifier,2 Classes S vs IW / Feature Engineering / MinMaxScaler / Unbalanced / Feature Selection,0.7500,0.7644,0.4982,0.5236,0.4286,0.4773,0.6452,0.6731,0.3760,0.8808,0.4982,0.5236,0.2463,0.2828,0.3503,0.3848
ExtraTreesClassifier,2 Classes S vs IW / Feature Engineering / MinMaxScaler / SMOTE / Feature Selection,0.5784,0.7246,0.5483,0.7294,0.5234,0.6838,0.6047,0.7411,0.5369,0.6794,0.5483,0.7294,0.5182,0.7342,0.5328,0.7318
ExtraTreesClassifier,2 Classes S vs IW / Feature Engineering / MinMaxScaler / RandomOverSampler / Feature Selection,0.5949,0.7836,0.5165,0.7676,0.5042,0.7378,0.6085,0.7920,0.5131,0.7366,0.5165,0.7676,0.4381,0.7517,0.4748,0.7593
HistGradientBoostingClassifier,3 Classes / Normal / No Scaler / Unbalanced,0.4025,1.0000,0.3755,1.0000,0.3668,1.0000,0.3890,1.0000,0.3697,1.0000,0.3755,1.0000,0.6703,1.0000,0.5012,1.0000
HistGradientBoostingClassifier,3 Classes / Normal / StandardScaler / Unbalanced,0.4025,1.0000,0.3755,1.0000,0.3668,1.0000,0.3890,1.0000,0.3697,1.0000,0.3755,1.0000,0.6703,1.0000,0.5012,1.0000
HistGradientBoostingClassifier,3 Classes / Normal / MinMaxScaler / Unbalanced,0.4025,1.0000,0.3755,1.0000,0.3668,1.0000,0.3890,1.0000,0.3697,1.0000,0.3755,1.0000,0.6703,1.0000,0.5012,1.0000
HistGradientBoostingClassifier,3 Classes / Feature Engineering / No Scaler / Unbalanced,0.4025,1.0000,0.3755,1.0000,0.3668,1.0000,0.3890,1.0000,0.3697,1.0000,0.3755,1.0000,0.6703,1.0000,0.5012,1.0000
HistGradientBoostingClassifier,3 Classes / Feature Engineering / StandardScaler / Unbalanced,0.4025,1.0000,0.3755,1.0000,0.3668,1.0000,0.3890,1.0000,0.3697,1.0000,0.3755,1.0000,0.6703,1.0000,0.5012,1.0000
HistGradientBoostingClassifier,3 Classes / Feature Engineering / MinMaxScaler / Unbalanced,0.4025,1.0000,0.3755,1.0000,0.3668,1.0000,0.3890,1.0000,0.3697,1.0000,0.3755,1.0000,0.6703,1.0000,0.5012,1.0000
HistGradientBoostingClassifier,2 Classes IS vs W / Normal / No Scaler / Unbalanced,0.6373,1.0000,0.5803,1.0000,0.5807,1.0000,0.6242,1.0000,0.5966,1.0000,0.5803,1.0000,0.5233,1.0000,0.5511,1.0000
HistGradientBoostingClassifier,2 Classes IS vs W / Normal / No Scaler / SMOTE,0.6112,1.0000,0.5583,1.0000,0.5593,1.0000,0.6022,1.0000,0.5687,1.0000,0.5583,1.0000,0.5054,1.0000,0.5312,1.0000
HistGradientBoostingClassifier,2 Classes IS vs W / Normal / No Scaler / RandomOverSampler,0.6332,1.0000,0.5831,1.0000,0.5836,1.0000,0.6241,1.0000,0.5943,1.0000,0.5831,1.0000,0.5330,1.0000,0.5575,1.0000
HistGradientBoostingClassifier,2 Classes IS vs W / Normal / StandardScaler / Unbalanced,0.6373,1.0000,0.5803,1.0000,0.5807,1.0000,0.6242,1.0000,0.5966,1.0000,0.5803,1.0000,0.5233,1.0000,0.5511,1.0000
HistGradientBoostingClassifier,2 Classes IS vs W / Normal / StandardScaler / SMOTE,0.6195,1.0000,0.5707,1.0000,0.5715,1.0000,0.6119,1.0000,0.5803,1.0000,0.5707,1.0000,0.5220,1.0000,0.5458,1.0000
HistGradientBoostingClassifier,2 Classes IS vs W / Normal / StandardScaler / RandomOverSampler,0.6332,1.0000,0.5831,1.0000,0.5836,1.0000,0.6241,1.0000,0.5943,1.0000,0.5831,1.0000,0.5330,1.0000,0.5575,1.0000
HistGradientBoostingClassifier,2 Classes IS vs W / Normal / MinMaxScaler / Unbalanced,0.6373,1.0000,0.5803,1.0000,0.5807,1.0000,0.6242,1.0000,0.5966,1.0000,0.5803,1.0000,0.5233,1.0000,0.5511,1.0000
HistGradientBoostingClassifier,2 Classes IS vs W / Normal / MinMaxScaler / SMOTE,0.6154,1.0000,0.5735,1.0000,0.5731,1.0000,0.6107,1.0000,0.5796,1.0000,0.5735,1.0000,0.5317,1.0000,0.5521,1.0000
HistGradientBoostingClassifier,2 Classes IS vs W / Normal / MinMaxScaler / RandomOverSampler,0.6332,1.0000,0.5831,1.0000,0.5836,1.0000,0.6241,1.0000,0.5943,1.0000,0.5831,1.0000,0.5330,1.0000,0.5575,1.0000
HistGradientBoostingClassifier,2 Classes IS vs W / Feature Engineering / No Scaler / Unbalanced,0.6373,1.0000,0.5803,1.0000,0.5807,1.0000,0.6242,1.0000,0.5966,1.0000,0.5803,1.0000,0.5233,1.0000,0.5511,1.0000
HistGradientBoostingClassifier,2 Classes IS vs W / Feature Engineering / No Scaler / SMOTE,0.6112,1.0000,0.5583,1.0000,0.5593,1.0000,0.6022,1.0000,0.5687,1.0000,0.5583,1.0000,0.5054,1.0000,0.5312,1.0000
HistGradientBoostingClassifier,2 Classes IS vs W / Feature Engineering / No Scaler / RandomOverSampler,0.6332,1.0000,0.5831,1.0000,0.5836,1.0000,0.6241,1.0000,0.5943,1.0000,0.5831,1.0000,0.5330,1.0000,0.5575,1.0000
HistGradientBoostingClassifier,2 Classes IS vs W / Feature Engineering / StandardScaler / Unbalanced,0.6373,1.0000,0.5803,1.0000,0.5807,1.0000,0.6242,1.0000,0.5966,1.0000,0.5803,1.0000,0.5233,1.0000,0.5511,1.0000
HistGradientBoostingClassifier,2 Classes IS vs W / Feature Engineering / StandardScaler / SMOTE,0.6195,1.0000,0.5707,1.0000,0.5715,1.0000,0.6119,1.0000,0.5803,1.0000,0.5707,1.0000,0.5220,1.0000,0.5458,1.0000
HistGradientBoostingClassifier,2 Classes IS vs W / Feature Engineering / StandardScaler / RandomOverSampler,0.6332,1.0000,0.5831,1.0000,0.5836,1.0000,0.6241,1.0000,0.5943,1.0000,0.5831,1.0000,0.5330,1.0000,0.5575,1.0000
HistGradientBoostingClassifier,2 Classes IS vs W / Feature Engineering / MinMaxScaler / Unbalanced,0.6373,1.0000,0.5803,1.0000,0.5807,1.0000,0.6242,1.0000,0.5966,1.0000,0.5803,1.0000,0.5233,1.0000,0.5511,1.0000
HistGradientBoostingClassifier,2 Classes IS vs W / Feature Engineering / MinMaxScaler / SMOTE,0.6154,1.0000,0.5735,1.0000,0.5731,1.0000,0.6107,1.0000,0.5796,1.0000,0.5735,1.0000,0.5317,1.0000,0.5521,1.0000
HistGradientBoostingClassifier,2 Classes IS vs W / Feature Engineering / MinMaxScaler / RandomOverSampler,0.6332,1.0000,0.5831,1.0000,0.5836,1.0000,0.6241,1.0000,0.5943,1.0000,0.5831,1.0000,0.5330,1.0000,0.5575,1.0000
HistGradientBoostingClassifier,2 Classes S vs IW / Normal / No Scaler / Unbalanced,0.7267,1.0000,0.5349,1.0000,0.5261,1.0000,0.6818,1.0000,0.5789,1.0000,0.5349,1.0000,0.3431,1.0000,0.4283,1.0000
HistGradientBoostingClassifier,2 Classes S vs IW / Normal / No Scaler / SMOTE,0.7074,1.0000,0.5221,1.0000,0.5125,1.0000,0.6679,1.0000,0.5453,1.0000,0.5221,1.0000,0.3368,1.0000,0.4191,1.0000
HistGradientBoostingClassifier,2 Classes S vs IW / Normal / No Scaler / RandomOverSampler,0.7129,1.0000,0.5463,1.0000,0.5443,1.0000,0.6841,1.0000,0.5722,1.0000,0.5463,1.0000,0.3796,1.0000,0.4550,1.0000
HistGradientBoostingClassifier,2 Classes S vs IW / Normal / StandardScaler / Unbalanced,0.7267,1.0000,0.5349,1.0000,0.5261,1.0000,0.6818,1.0000,0.5789,1.0000,0.5349,1.0000,0.3431,1.0000,0.4283,1.0000
HistGradientBoostingClassifier,2 Classes S vs IW / Normal / StandardScaler / SMOTE,0.7102,1.0000,0.5221,1.0000,0.5111,1.0000,0.6686,1.0000,0.5391,1.0000,0.5221,1.0000,0.3340,1.0000,0.4172,1.0000
HistGradientBoostingClassifier,2 Classes S vs IW / Normal / StandardScaler / RandomOverSampler,0.7129,1.0000,0.5463,1.0000,0.5443,1.0000,0.6841,1.0000,0.5722,1.0000,0.5463,1.0000,0.3796,1.0000,0.4550,1.0000
HistGradientBoostingClassifier,2 Classes S vs IW / Normal / MinMaxScaler / Unbalanced,0.7267,1.0000,0.5349,1.0000,0.5261,1.0000,0.6818,1.0000,0.5789,1.0000,0.5349,1.0000,0.3431,1.0000,0.4283,1.0000
HistGradientBoostingClassifier,2 Classes S vs IW / Normal / MinMaxScaler / SMOTE,0.6855,1.0000,0.5039,1.0000,0.4938,1.0000,0.6510,1.0000,0.5124,1.0000,0.5039,1.0000,0.3222,1.0000,0.4027,1.0000
HistGradientBoostingClassifier,2 Classes S vs IW / Normal / MinMaxScaler / RandomOverSampler,0.7129,1.0000,0.5463,1.0000,0.5443,1.0000,0.6841,1.0000,0.5722,1.0000,0.5463,1.0000,0.3796,1.0000,0.4550,1.0000
HistGradientBoostingClassifier,2 Classes S vs IW / Feature Engineering / No Scaler / Unbalanced,0.7267,1.0000,0.5349,1.0000,0.5261,1.0000,0.6818,1.0000,0.5789,1.0000,0.5349,1.0000,0.3431,1.0000,0.4283,1.0000
HistGradientBoostingClassifier,2 Classes S vs IW / Feature Engineering / No Scaler / SMOTE,0.7074,1.0000,0.5221,1.0000,0.5125,1.0000,0.6679,1.0000,0.5453,1.0000,0.5221,1.0000,0.3368,1.0000,0.4191,1.0000
HistGradientBoostingClassifier,2 Classes S vs IW / Feature Engineering / No Scaler / RandomOverSampler,0.7129,1.0000,0.5463,1.0000,0.5443,1.0000,0.6841,1.0000,0.5722,1.0000,0.5463,1.0000,0.3796,1.0000,0.4550,1.0000
HistGradientBoostingClassifier,2 Classes S vs IW / Feature Engineering / StandardScaler / Unbalanced,0.7267,1.0000,0.5349,1.0000,0.5261,1.0000,0.6818,1.0000,0.5789,1.0000,0.5349,1.0000,0.3431,1.0000,0.4283,1.0000
HistGradientBoostingClassifier,2 Classes S vs IW / Feature Engineering / StandardScaler / SMOTE,0.7102,1.0000,0.5221,1.0000,0.5111,1.0000,0.6686,1.0000,0.5391,1.0000,0.5221,1.0000,0.3340,1.0000,0.4172,1.0000
HistGradientBoostingClassifier,2 Classes S vs IW / Feature Engineering / StandardScaler / RandomOverSampler,0.7129,1.0000,0.5463,1.0000,0.5443,1.0000,0.6841,1.0000,0.5722,1.0000,0.5463,1.0000,0.3796,1.0000,0.4550,1.0000
HistGradientBoostingClassifier,2 Classes S vs IW / Feature Engineering / MinMaxScaler / Unbalanced,0.7267,1.0000,0.5349,1.0000,0.5261,1.0000,0.6818,1.0000,0.5789,1.0000,0.5349,1.0000,0.3431,1.0000,0.4283,1.0000
HistGradientBoostingClassifier,2 Classes S vs IW / Feature Engineering / MinMaxScaler / SMOTE,0.6855,1.0000,0.5039,1.0000,0.4938,1.0000,0.6510,1.0000,0.5124,1.0000,0.5039,1.0000,0.3222,1.0000,0.4027,1.0000
HistGradientBoostingClassifier,2 Classes S vs IW / Feature Engineering / MinMaxScaler / RandomOverSampler,0.7129,1.0000,0.5463,1.0000,0.5443,1.0000,0.6841,1.0000,0.5722,1.0000,0.5463,1.0000,0.3796,1.0000,0.4550,1.0000
HistGradientBoostingClassifier,3 Classes / Normal / No Scaler / Unbalanced / Feature Selection,0.3998,1.0000,0.3811,1.0000,0.3777,1.0000,0.3947,1.0000,0.3789,1.0000,0.3811,1.0000,0.6790,1.0000,0.5082,1.0000
HistGradientBoostingClassifier,3 Classes / Normal / StandardScaler / Unbalanced / Feature Selection,0.3998,1.0000,0.3811,1.0000,0.3777,1.0000,0.3947,1.0000,0.3789,1.0000,0.3811,1.0000,0.6790,1.0000,0.5082,1.0000
HistGradientBoostingClassifier,3 Classes / Normal / MinMaxScaler / Unbalanced / Feature Selection,0.3998,1.0000,0.3811,1.0000,0.3777,1.0000,0.3947,1.0000,0.3789,1.0000,0.3811,1.0000,0.6790,1.0000,0.5082,1.0000
HistGradientBoostingClassifier,3 Classes / Feature Engineering / No Scaler / Unbalanced / Feature Selection,0.3998,1.0000,0.3811,1.0000,0.3777,1.0000,0.3947,1.0000,0.3789,1.0000,0.3811,1.0000,0.6790,1.0000,0.5082,1.0000
HistGradientBoostingClassifier,3 Classes / Feature Engineering / StandardScaler / Unbalanced / Feature Selection,0.3998,1.0000,0.3811,1.0000,0.3777,1.0000,0.3947,1.0000,0.3789,1.0000,0.3811,1.0000,0.6790,1.0000,0.5082,1.0000
HistGradientBoostingClassifier,3 Classes / Feature Engineering / MinMaxScaler / Unbalanced / Feature Selection,0.3998,1.0000,0.3811,1.0000,0.3777,1.0000,0.3947,1.0000,0.3789,1.0000,0.3811,1.0000,0.6790,1.0000,0.5082,1.0000
HistGradientBoostingClassifier,2 Classes IS vs W / Normal / No Scaler / Unbalanced / Feature Selection,0.6373,0.9993,0.5820,0.9995,0.5827,0.9993,0.6254,0.9993,0.5959,0.9990,0.5820,0.9995,0.5267,0.9996,0.5536,0.9995
HistGradientBoostingClassifier,2 Classes IS vs W / Normal / No Scaler / SMOTE / Feature Selection,0.6318,1.0000,0.5803,1.0000,0.5813,1.0000,0.6225,1.0000,0.5912,1.0000,0.5803,1.0000,0.5288,1.0000,0.5539,1.0000
HistGradientBoostingClassifier,2 Classes IS vs W / Normal / No Scaler / RandomOverSampler / Feature Selection,0.6359,1.0000,0.5912,1.0000,0.5925,1.0000,0.6297,1.0000,0.6034,1.0000,0.5912,1.0000,0.5465,1.0000,0.5683,1.0000
HistGradientBoostingClassifier,2 Classes IS vs W / Normal / StandardScaler / Unbalanced / Feature Selection,0.6373,0.9993,0.5820,0.9995,0.5827,0.9993,0.6254,0.9993,0.5959,0.9990,0.5820,0.9995,0.5267,0.9996,0.5536,0.9995
HistGradientBoostingClassifier,2 Classes IS vs W / Normal / StandardScaler / SMOTE / Feature Selection,0.6318,0.9997,0.5897,0.9997,0.5901,0.9996,0.6269,0.9997,0.5964,0.9995,0.5897,0.9997,0.5477,0.9998,0.5683,0.9998
HistGradientBoostingClassifier,2 Classes IS vs W / Normal / StandardScaler / RandomOverSampler / Feature Selection,0.6359,1.0000,0.5912,1.0000,0.5925,1.0000,0.6297,1.0000,0.6034,1.0000,0.5912,1.0000,0.5465,1.0000,0.5683,1.0000
HistGradientBoostingClassifier,2 Classes IS vs W / Normal / MinMaxScaler / Unbalanced / Feature Selection,0.6373,0.9993,0.5820,0.9995,0.5827,0.9993,0.6254,0.9993,0.5959,0.9990,0.5820,0.9995,0.5267,0.9996,0.5536,0.9995
HistGradientBoostingClassifier,2 Classes IS vs W / Normal / MinMaxScaler / SMOTE / Feature Selection,0.6318,0.9997,0.5965,0.9997,0.5968,0.9996,0.6299,0.9997,0.6023,0.9995,0.5965,0.9997,0.5612,0.9998,0.5785,0.9998
HistGradientBoostingClassifier,2 Classes IS vs W / Normal / MinMaxScaler / RandomOverSampler / Feature Selection,0.6359,1.0000,0.5912,1.0000,0.5925,1.0000,0.6297,1.0000,0.6034,1.0000,0.5912,1.0000,0.5465,1.0000,0.5683,1.0000
HistGradientBoostingClassifier,2 Classes IS vs W / Feature Engineering / No Scaler / Unbalanced / Feature Selection,0.6373,0.9993,0.5820,0.9995,0.5827,0.9993,0.6254,0.9993,0.5959,0.9990,0.5820,0.9995,0.5267,0.9996,0.5536,0.9995
HistGradientBoostingClassifier,2 Classes IS vs W / Feature Engineering / No Scaler / SMOTE / Feature Selection,0.6318,1.0000,0.5803,1.0000,0.5813,1.0000,0.6225,1.0000,0.5912,1.0000,0.5803,1.0000,0.5288,1.0000,0.5539,1.0000
HistGradientBoostingClassifier,2 Classes IS vs W / Feature Engineering / No Scaler / RandomOverSampler / Feature Selection,0.6359,1.0000,0.5912,1.0000,0.5925,1.0000,0.6297,1.0000,0.6034,1.0000,0.5912,1.0000,0.5465,1.0000,0.5683,1.0000
HistGradientBoostingClassifier,2 Classes IS vs W / Feature Engineering / StandardScaler / Unbalanced / Feature Selection,0.6373,0.9993,0.5820,0.9995,0.5827,0.9993,0.6254,0.9993,0.5959,0.9990,0.5820,0.9995,0.5267,0.9996,0.5536,0.9995
HistGradientBoostingClassifier,2 Classes IS vs W / Feature Engineering / StandardScaler / SMOTE / Feature Selection,0.6318,0.9997,0.5897,0.9997,0.5901,0.9996,0.6269,0.9997,0.5964,0.9995,0.5897,0.9997,0.5477,0.9998,0.5683,0.9998
HistGradientBoostingClassifier,2 Classes IS vs W / Feature Engineering / StandardScaler / RandomOverSampler / Feature Selection,0.6359,1.0000,0.5912,1.0000,0.5925,1.0000,0.6297,1.0000,0.6034,1.0000,0.5912,1.0000,0.5465,1.0000,0.5683,1.0000
HistGradientBoostingClassifier,2 Classes IS vs W / Feature Engineering / MinMaxScaler / Unbalanced / Feature Selection,0.6373,0.9993,0.5820,0.9995,0.5827,0.9993,0.6254,0.9993,0.5959,0.9990,0.5820,0.9995,0.5267,0.9996,0.5536,0.9995
HistGradientBoostingClassifier,2 Classes IS vs W / Feature Engineering / MinMaxScaler / SMOTE / Feature Selection,0.6318,0.9997,0.5965,0.9997,0.5968,0.9996,0.6299,0.9997,0.6023,0.9995,0.5965,0.9997,0.5612,0.9998,0.5785,0.9998
HistGradientBoostingClassifier,2 Classes IS vs W / Feature Engineering / MinMaxScaler / RandomOverSampler / Feature Selection,0.6359,1.0000,0.5912,1.0000,0.5925,1.0000,0.6297,1.0000,0.6034,1.0000,0.5912,1.0000,0.5465,1.0000,0.5683,1.0000
HistGradientBoostingClassifier,2 Classes S vs IW / Normal / No Scaler / Unbalanced / Feature Selection,0.7294,0.9997,0.5517,0.9993,0.5503,0.9995,0.6937,0.9997,0.5890,0.9998,0.5517,0.9993,0.3739,0.9990,0.4541,0.9991
HistGradientBoostingClassifier,2 Classes S vs IW / Normal / No Scaler / SMOTE / Feature Selection,0.7019,1.0000,0.5259,1.0000,0.5218,1.0000,0.6700,1.0000,0.5475,1.0000,0.5259,1.0000,0.3499,1.0000,0.4290,1.0000
HistGradientBoostingClassifier,2 Classes S vs IW / Normal / No Scaler / RandomOverSampler / Feature Selection,0.6992,1.0000,0.5409,1.0000,0.5415,1.0000,0.6773,1.0000,0.5579,1.0000,0.5409,1.0000,0.3827,1.0000,0.4549,1.0000
HistGradientBoostingClassifier,2 Classes S vs IW / Normal / StandardScaler / Unbalanced / Feature Selection,0.7294,0.9997,0.5517,0.9993,0.5503,0.9995,0.6937,0.9997,0.5890,0.9998,0.5517,0.9993,0.3739,0.9990,0.4541,0.9991
HistGradientBoostingClassifier,2 Classes S vs IW / Normal / StandardScaler / SMOTE / Feature Selection,0.7047,1.0000,0.5408,1.0000,0.5386,1.0000,0.6783,1.0000,0.5553,1.0000,0.5408,1.0000,0.3770,1.0000,0.4511,1.0000
HistGradientBoostingClassifier,2 Classes S vs IW / Normal / StandardScaler / RandomOverSampler / Feature Selection,0.6992,1.0000,0.5409,1.0000,0.5415,1.0000,0.6773,1.0000,0.5579,1.0000,0.5409,1.0000,0.3827,1.0000,0.4549,1.0000
HistGradientBoostingClassifier,2 Classes S vs IW / Normal / MinMaxScaler / Unbalanced / Feature Selection,0.7294,0.9997,0.5517,0.9993,0.5503,0.9995,0.6937,0.9997,0.5890,0.9998,0.5517,0.9993,0.3739,0.9990,0.4541,0.9991
HistGradientBoostingClassifier,2 Classes S vs IW / Normal / MinMaxScaler / SMOTE / Feature Selection,0.6937,1.0000,0.5336,1.0000,0.5320,1.0000,0.6708,1.0000,0.5465,1.0000,0.5336,1.0000,0.3734,1.0000,0.4461,1.0000
HistGradientBoostingClassifier,2 Classes S vs IW / Normal / MinMaxScaler / RandomOverSampler / Feature Selection,0.6992,1.0000,0.5409,1.0000,0.5415,1.0000,0.6773,1.0000,0.5579,1.0000,0.5409,1.0000,0.3827,1.0000,0.4549,1.0000
HistGradientBoostingClassifier,2 Classes S vs IW / Feature Engineering / No Scaler / Unbalanced / Feature Selection,0.7294,0.9997,0.5517,0.9993,0.5503,0.9995,0.6937,0.9997,0.5890,0.9998,0.5517,0.9993,0.3739,0.9990,0.4541,0.9991
HistGradientBoostingClassifier,2 Classes S vs IW / Feature Engineering / No Scaler / SMOTE / Feature Selection,0.7019,1.0000,0.5259,1.0000,0.5218,1.0000,0.6700,1.0000,0.5475,1.0000,0.5259,1.0000,0.3499,1.0000,0.4290,1.0000
HistGradientBoostingClassifier,2 Classes S vs IW / Feature Engineering / No Scaler / RandomOverSampler / Feature Selection,0.6992,1.0000,0.5409,1.0000,0.5415,1.0000,0.6773,1.0000,0.5579,1.0000,0.5409,1.0000,0.3827,1.0000,0.4549,1.0000
HistGradientBoostingClassifier,2 Classes S vs IW / Feature Engineering / StandardScaler / Unbalanced / Feature Selection,0.7294,0.9997,0.5517,0.9993,0.5503,0.9995,0.6937,0.9997,0.5890,0.9998,0.5517,0.9993,0.3739,0.9990,0.4541,0.9991
HistGradientBoostingClassifier,2 Classes S vs IW / Feature Engineering / StandardScaler / SMOTE / Feature Selection,0.7047,1.0000,0.5408,1.0000,0.5386,1.0000,0.6783,1.0000,0.5553,1.0000,0.5408,1.0000,0.3770,1.0000,0.4511,1.0000
HistGradientBoostingClassifier,2 Classes S vs IW / Feature Engineering / StandardScaler / RandomOverSampler / Feature Selection,0.6992,1.0000,0.5409,1.0000,0.5415,1.0000,0.6773,1.0000,0.5579,1.0000,0.5409,1.0000,0.3827,1.0000,0.4549,1.0000
HistGradientBoostingClassifier,2 Classes S vs IW / Feature Engineering / MinMaxScaler / Unbalanced / Feature Selection,0.7294,0.9997,0.5517,0.9993,0.5503,0.9995,0.6937,0.9997,0.5890,0.9998,0.5517,0.9993,0.3739,0.9990,0.4541,0.9991
HistGradientBoostingClassifier,2 Classes S vs IW / Feature Engineering / MinMaxScaler / SMOTE / Feature Selection,0.6937,1.0000,0.5336,1.0000,0.5320,1.0000,0.6708,1.0000,0.5465,1.0000,0.5336,1.0000,0.3734,1.0000,0.4461,1.0000
HistGradientBoostingClassifier,2 Classes S vs IW / Feature Engineering / MinMaxScaler / RandomOverSampler / Feature Selection,0.6992,1.0000,0.5409,1.0000,0.5415,1.0000,0.6773,1.0000,0.5579,1.0000,0.5409,1.0000,0.3827,1.0000,0.4549,1.0000
CatBoostClassifier,3 Classes / Normal / No Scaler / Unbalanced,0.4244,1.0000,0.3990,1.0000,0.3916,1.0000,0.4108,1.0000,0.4037,1.0000,0.3990,1.0000,0.6784,1.0000,0.5199,1.0000
CatBoostClassifier,3 Classes / Normal / StandardScaler / Unbalanced,0.4231,1.0000,0.3971,1.0000,0.3889,1.0000,0.4087,1.0000,0.4002,1.0000,0.3971,1.0000,0.6777,1.0000,0.5184,1.0000
CatBoostClassifier,3 Classes / Normal / MinMaxScaler / Unbalanced,0.4244,1.0000,0.3990,1.0000,0.3916,1.0000,0.4108,1.0000,0.4037,1.0000,0.3990,1.0000,0.6784,1.0000,0.5199,1.0000
CatBoostClassifier,3 Classes / Feature Engineering / No Scaler / Unbalanced,0.4244,1.0000,0.3990,1.0000,0.3916,1.0000,0.4108,1.0000,0.4037,1.0000,0.3990,1.0000,0.6784,1.0000,0.5199,1.0000
CatBoostClassifier,3 Classes / Feature Engineering / StandardScaler / Unbalanced,0.4231,1.0000,0.3971,1.0000,0.3889,1.0000,0.4087,1.0000,0.4002,1.0000,0.3971,1.0000,0.6777,1.0000,0.5184,1.0000
CatBoostClassifier,3 Classes / Feature Engineering / MinMaxScaler / Unbalanced,0.4244,1.0000,0.3990,1.0000,0.3916,1.0000,0.4108,1.0000,0.4037,1.0000,0.3990,1.0000,0.6784,1.0000,0.5199,1.0000
CatBoostClassifier,2 Classes IS vs W / Normal / No Scaler / Unbalanced,0.6469,0.9794,0.5690,0.9718,0.5626,0.9773,0.6170,0.9793,0.6026,0.9837,0.5690,0.9718,0.4911,0.9642,0.5285,0.9680
CatBoostClassifier,2 Classes IS vs W / Normal / No Scaler / SMOTE,0.6195,0.9938,0.5648,0.9946,0.5641,0.9933,0.6079,0.9938,0.5772,0.9921,0.5648,0.9946,0.5101,0.9953,0.5367,0.9949
CatBoostClassifier,2 Classes IS vs W / Normal / No Scaler / RandomOverSampler,0.6029,0.9948,0.5553,0.9947,0.5537,0.9944,0.5951,0.9949,0.5611,0.9941,0.5553,0.9947,0.5078,0.9946,0.5309,0.9946
CatBoostClassifier,2 Classes IS vs W / Normal / StandardScaler / Unbalanced,0.6469,0.9794,0.5690,0.9718,0.5626,0.9773,0.6170,0.9793,0.6026,0.9837,0.5690,0.9718,0.4911,0.9642,0.5285,0.9680
CatBoostClassifier,2 Classes IS vs W / Normal / StandardScaler / SMOTE,0.6030,0.9918,0.5562,0.9927,0.5551,0.9911,0.5959,0.9918,0.5631,0.9895,0.5562,0.9927,0.5095,0.9937,0.5323,0.9932
CatBoostClassifier,2 Classes IS vs W / Normal / StandardScaler / RandomOverSampler,0.6029,0.9948,0.5553,0.9947,0.5537,0.9944,0.5951,0.9949,0.5611,0.9941,0.5553,0.9947,0.5078,0.9946,0.5309,0.9946
CatBoostClassifier,2 Classes IS vs W / Normal / MinMaxScaler / Unbalanced,0.6469,0.9794,0.5690,0.9718,0.5626,0.9773,0.6170,0.9793,0.6026,0.9837,0.5690,0.9718,0.4911,0.9642,0.5285,0.9680
CatBoostClassifier,2 Classes IS vs W / Normal / MinMaxScaler / SMOTE,0.6003,0.9894,0.5567,0.9913,0.5554,0.9885,0.5950,0.9894,0.5605,0.9859,0.5567,0.9913,0.5131,0.9932,0.5344,0.9923
CatBoostClassifier,2 Classes IS vs W / Normal / MinMaxScaler / RandomOverSampler,0.6029,0.9948,0.5553,0.9947,0.5537,0.9944,0.5951,0.9949,0.5611,0.9941,0.5553,0.9947,0.5078,0.9946,0.5309,0.9946
CatBoostClassifier,2 Classes IS vs W / Feature Engineering / No Scaler / Unbalanced,0.6469,0.9794,0.5690,0.9718,0.5626,0.9773,0.6170,0.9793,0.6026,0.9837,0.5690,0.9718,0.4911,0.9642,0.5285,0.9680
CatBoostClassifier,2 Classes IS vs W / Feature Engineering / No Scaler / SMOTE,0.6195,0.9938,0.5648,0.9946,0.5641,0.9933,0.6079,0.9938,0.5772,0.9921,0.5648,0.9946,0.5101,0.9953,0.5367,0.9949
CatBoostClassifier,2 Classes IS vs W / Feature Engineering / No Scaler / RandomOverSampler,0.6029,0.9948,0.5553,0.9947,0.5537,0.9944,0.5951,0.9949,0.5611,0.9941,0.5553,0.9947,0.5078,0.9946,0.5309,0.9946
CatBoostClassifier,2 Classes IS vs W / Feature Engineering / StandardScaler / Unbalanced,0.6469,0.9794,0.5690,0.9718,0.5626,0.9773,0.6170,0.9793,0.6026,0.9837,0.5690,0.9718,0.4911,0.9642,0.5285,0.9680
CatBoostClassifier,2 Classes IS vs W / Feature Engineering / StandardScaler / SMOTE,0.6030,0.9918,0.5562,0.9927,0.5551,0.9911,0.5959,0.9918,0.5631,0.9895,0.5562,0.9927,0.5095,0.9937,0.5323,0.9932
CatBoostClassifier,2 Classes IS vs W / Feature Engineering / StandardScaler / RandomOverSampler,0.6029,0.9948,0.5553,0.9947,0.5537,0.9944,0.5951,0.9949,0.5611,0.9941,0.5553,0.9947,0.5078,0.9946,0.5309,0.9946
CatBoostClassifier,2 Classes IS vs W / Feature Engineering / MinMaxScaler / Unbalanced,0.6469,0.9794,0.5690,0.9718,0.5626,0.9773,0.6170,0.9793,0.6026,0.9837,0.5690,0.9718,0.4911,0.9642,0.5285,0.9680
CatBoostClassifier,2 Classes IS vs W / Feature Engineering / MinMaxScaler / SMOTE,0.6003,0.9894,0.5567,0.9913,0.5554,0.9885,0.5950,0.9894,0.5605,0.9859,0.5567,0.9913,0.5131,0.9932,0.5344,0.9923
CatBoostClassifier,2 Classes IS vs W / Feature Engineering / MinMaxScaler / RandomOverSampler,0.6029,0.9948,0.5553,0.9947,0.5537,0.9944,0.5951,0.9949,0.5611,0.9941,0.5553,0.9947,0.5078,0.9946,0.5309,0.9946
CatBoostClassifier,2 Classes S vs IW / Normal / No Scaler / Unbalanced,0.7514,0.9578,0.5103,0.9146,0.4586,0.9396,0.6598,0.9563,0.5783,0.9735,0.5103,0.9146,0.2692,0.8714,0.3705,0.8927
CatBoostClassifier,2 Classes S vs IW / Normal / No Scaler / SMOTE,0.7184,0.9986,0.5220,0.9972,0.5047,0.9982,0.6688,0.9986,0.5401,0.9991,0.5220,0.9972,0.3255,0.9958,0.4117,0.9965
CatBoostClassifier,2 Classes S vs IW / Normal / No Scaler / RandomOverSampler,0.7212,0.9990,0.5313,0.9979,0.5180,0.9986,0.6757,0.9990,0.5582,0.9993,0.5313,0.9979,0.3413,0.9969,0.4252,0.9974
CatBoostClassifier,2 Classes S vs IW / Normal / StandardScaler / Unbalanced,0.7514,0.9578,0.5103,0.9146,0.4586,0.9396,0.6598,0.9563,0.5783,0.9735,0.5103,0.9146,0.2692,0.8714,0.3705,0.8927
CatBoostClassifier,2 Classes S vs IW / Normal / StandardScaler / SMOTE,0.7170,0.9986,0.5266,0.9977,0.5136,0.9982,0.6723,0.9986,0.5413,0.9986,0.5266,0.9977,0.3363,0.9968,0.4203,0.9972
CatBoostClassifier,2 Classes S vs IW / Normal / StandardScaler / RandomOverSampler,0.7226,0.9990,0.5322,0.9979,0.5189,0.9986,0.6767,0.9990,0.5597,0.9993,0.5322,0.9979,0.3418,0.9969,0.4259,0.9974
CatBoostClassifier,2 Classes S vs IW / Normal / MinMaxScaler / Unbalanced,0.7514,0.9578,0.5103,0.9146,0.4586,0.9396,0.6598,0.9563,0.5783,0.9735,0.5103,0.9146,0.2692,0.8714,0.3705,0.8927
CatBoostClassifier,2 Classes S vs IW / Normal / MinMaxScaler / SMOTE,0.6924,0.9990,0.5177,0.9988,0.5102,0.9986,0.6605,0.9990,0.5348,0.9984,0.5177,0.9988,0.3430,0.9987,0.4210,0.9988
CatBoostClassifier,2 Classes S vs IW / Normal / MinMaxScaler / RandomOverSampler,0.7212,0.9990,0.5313,0.9979,0.5180,0.9986,0.6757,0.9990,0.5582,0.9993,0.5313,0.9979,0.3413,0.9969,0.4252,0.9974
CatBoostClassifier,2 Classes S vs IW / Feature Engineering / No Scaler / Unbalanced,0.7514,0.9578,0.5103,0.9146,0.4586,0.9396,0.6598,0.9563,0.5783,0.9735,0.5103,0.9146,0.2692,0.8714,0.3705,0.8927
CatBoostClassifier,2 Classes S vs IW / Feature Engineering / No Scaler / SMOTE,0.7184,0.9986,0.5220,0.9972,0.5047,0.9982,0.6688,0.9986,0.5401,0.9991,0.5220,0.9972,0.3255,0.9958,0.4117,0.9965
CatBoostClassifier,2 Classes S vs IW / Feature Engineering / No Scaler / RandomOverSampler,0.7212,0.9990,0.5313,0.9979,0.5180,0.9986,0.6757,0.9990,0.5582,0.9993,0.5313,0.9979,0.3413,0.9969,0.4252,0.9974
CatBoostClassifier,2 Classes S vs IW / Feature Engineering / StandardScaler / Unbalanced,0.7514,0.9578,0.5103,0.9146,0.4586,0.9396,0.6598,0.9563,0.5783,0.9735,0.5103,0.9146,0.2692,0.8714,0.3705,0.8927
CatBoostClassifier,2 Classes S vs IW / Feature Engineering / StandardScaler / SMOTE,0.7170,0.9986,0.5266,0.9977,0.5136,0.9982,0.6723,0.9986,0.5413,0.9986,0.5266,0.9977,0.3363,0.9968,0.4203,0.9972
CatBoostClassifier,2 Classes S vs IW / Feature Engineering / StandardScaler / RandomOverSampler,0.7226,0.9990,0.5322,0.9979,0.5189,0.9986,0.6767,0.9990,0.5597,0.9993,0.5322,0.9979,0.3418,0.9969,0.4259,0.9974
CatBoostClassifier,2 Classes S vs IW / Feature Engineering / MinMaxScaler / Unbalanced,0.7514,0.9578,0.5103,0.9146,0.4586,0.9396,0.6598,0.9563,0.5783,0.9735,0.5103,0.9146,0.2692,0.8714,0.3705,0.8927
CatBoostClassifier,2 Classes S vs IW / Feature Engineering / MinMaxScaler / SMOTE,0.6924,0.9990,0.5177,0.9988,0.5102,0.9986,0.6605,0.9990,0.5348,0.9984,0.5177,0.9988,0.3430,0.9987,0.4210,0.9988
CatBoostClassifier,2 Classes S vs IW / Feature Engineering / MinMaxScaler / RandomOverSampler,0.7212,0.9990,0.5313,0.9979,0.5180,0.9986,0.6757,0.9990,0.5582,0.9993,0.5313,0.9979,0.3413,0.9969,0.4252,0.9974
CatBoostClassifier,3 Classes / Normal / No Scaler / Unbalanced / Feature Selection,0.4025,1.0000,0.3781,1.0000,0.3752,1.0000,0.3944,1.0000,0.3837,1.0000,0.3781,1.0000,0.6718,1.0000,0.5032,1.0000
CatBoostClassifier,3 Classes / Normal / StandardScaler / Unbalanced / Feature Selection,0.4025,1.0000,0.3781,1.0000,0.3752,1.0000,0.3944,1.0000,0.3837,1.0000,0.3781,1.0000,0.6718,1.0000,0.5032,1.0000
CatBoostClassifier,3 Classes / Normal / MinMaxScaler / Unbalanced / Feature Selection,0.4025,1.0000,0.3781,1.0000,0.3752,1.0000,0.3944,1.0000,0.3837,1.0000,0.3781,1.0000,0.6718,1.0000,0.5032,1.0000
CatBoostClassifier,3 Classes / Feature Engineering / No Scaler / Unbalanced / Feature Selection,0.4025,1.0000,0.3781,1.0000,0.3752,1.0000,0.3944,1.0000,0.3837,1.0000,0.3781,1.0000,0.6718,1.0000,0.5032,1.0000
CatBoostClassifier,3 Classes / Feature Engineering / StandardScaler / Unbalanced / Feature Selection,0.4025,1.0000,0.3781,1.0000,0.3752,1.0000,0.3944,1.0000,0.3837,1.0000,0.3781,1.0000,0.6718,1.0000,0.5032,1.0000
CatBoostClassifier,3 Classes / Feature Engineering / MinMaxScaler / Unbalanced / Feature Selection,0.4025,1.0000,0.3781,1.0000,0.3752,1.0000,0.3944,1.0000,0.3837,1.0000,0.3781,1.0000,0.6718,1.0000,0.5032,1.0000
CatBoostClassifier,2 Classes IS vs W / Normal / No Scaler / Unbalanced / Feature Selection,0.6524,0.9430,0.5758,0.9223,0.5706,0.9357,0.6237,0.9419,0.6109,0.9557,0.5758,0.9223,0.4992,0.9017,0.5361,0.9119
CatBoostClassifier,2 Classes IS vs W / Normal / No Scaler / SMOTE / Feature Selection,0.6333,0.9694,0.5849,0.9673,0.5864,0.9668,0.6258,0.9695,0.5952,0.9664,0.5849,0.9673,0.5365,0.9651,0.5601,0.9662
CatBoostClassifier,2 Classes IS vs W / Normal / No Scaler / RandomOverSampler / Feature Selection,0.6386,0.9742,0.6002,0.9742,0.5999,0.9721,0.6346,0.9743,0.6074,0.9705,0.6002,0.9742,0.5617,0.9741,0.5805,0.9742
CatBoostClassifier,2 Classes IS vs W / Normal / StandardScaler / Unbalanced / Feature Selection,0.6524,0.9430,0.5758,0.9223,0.5706,0.9357,0.6237,0.9419,0.6109,0.9557,0.5758,0.9223,0.4992,0.9017,0.5361,0.9119
CatBoostClassifier,2 Classes IS vs W / Normal / StandardScaler / SMOTE / Feature Selection,0.6154,0.9612,0.5752,0.9628,0.5751,0.9582,0.6120,0.9614,0.5791,0.9543,0.5752,0.9628,0.5350,0.9643,0.5547,0.9636
CatBoostClassifier,2 Classes IS vs W / Normal / StandardScaler / RandomOverSampler / Feature Selection,0.6386,0.9742,0.6002,0.9742,0.5999,0.9721,0.6346,0.9743,0.6074,0.9705,0.6002,0.9742,0.5617,0.9741,0.5805,0.9742
CatBoostClassifier,2 Classes IS vs W / Normal / MinMaxScaler / Unbalanced / Feature Selection,0.6524,0.9430,0.5758,0.9223,0.5706,0.9357,0.6237,0.9419,0.6109,0.9557,0.5758,0.9223,0.4992,0.9017,0.5361,0.9119
CatBoostClassifier,2 Classes IS vs W / Normal / MinMaxScaler / SMOTE / Feature Selection,0.6195,0.9602,0.5853,0.9630,0.5854,0.9572,0.6191,0.9604,0.5869,0.9524,0.5853,0.9630,0.5511,0.9659,0.5679,0.9645
CatBoostClassifier,2 Classes IS vs W / Normal / MinMaxScaler / RandomOverSampler / Feature Selection,0.6386,0.9742,0.6002,0.9742,0.5999,0.9721,0.6346,0.9743,0.6074,0.9705,0.6002,0.9742,0.5617,0.9741,0.5805,0.9742
CatBoostClassifier,2 Classes IS vs W / Feature Engineering / No Scaler / Unbalanced / Feature Selection,0.6524,0.9430,0.5758,0.9223,0.5706,0.9357,0.6237,0.9419,0.6109,0.9557,0.5758,0.9223,0.4992,0.9017,0.5361,0.9119
CatBoostClassifier,2 Classes IS vs W / Feature Engineering / No Scaler / SMOTE / Feature Selection,0.6333,0.9694,0.5849,0.9673,0.5864,0.9668,0.6258,0.9695,0.5952,0.9664,0.5849,0.9673,0.5365,0.9651,0.5601,0.9662
CatBoostClassifier,2 Classes IS vs W / Feature Engineering / No Scaler / RandomOverSampler / Feature Selection,0.6386,0.9742,0.6002,0.9742,0.5999,0.9721,0.6346,0.9743,0.6074,0.9705,0.6002,0.9742,0.5617,0.9741,0.5805,0.9742
CatBoostClassifier,2 Classes IS vs W / Feature Engineering / StandardScaler / Unbalanced / Feature Selection,0.6524,0.9430,0.5758,0.9223,0.5706,0.9357,0.6237,0.9419,0.6109,0.9557,0.5758,0.9223,0.4992,0.9017,0.5361,0.9119
CatBoostClassifier,2 Classes IS vs W / Feature Engineering / StandardScaler / SMOTE / Feature Selection,0.6154,0.9612,0.5752,0.9628,0.5751,0.9582,0.6120,0.9614,0.5791,0.9543,0.5752,0.9628,0.5350,0.9643,0.5547,0.9636
CatBoostClassifier,2 Classes IS vs W / Feature Engineering / StandardScaler / RandomOverSampler / Feature Selection,0.6386,0.9742,0.6002,0.9742,0.5999,0.9721,0.6346,0.9743,0.6074,0.9705,0.6002,0.9742,0.5617,0.9741,0.5805,0.9742
CatBoostClassifier,2 Classes IS vs W / Feature Engineering / MinMaxScaler / Unbalanced / Feature Selection,0.6524,0.9430,0.5758,0.9223,0.5706,0.9357,0.6237,0.9419,0.6109,0.9557,0.5758,0.9223,0.4992,0.9017,0.5361,0.9119
CatBoostClassifier,2 Classes IS vs W / Feature Engineering / MinMaxScaler / SMOTE / Feature Selection,0.6195,0.9602,0.5853,0.9630,0.5854,0.9572,0.6191,0.9604,0.5869,0.9524,0.5853,0.9630,0.5511,0.9659,0.5679,0.9645
CatBoostClassifier,2 Classes IS vs W / Feature Engineering / MinMaxScaler / RandomOverSampler / Feature Selection,0.6386,0.9742,0.6002,0.9742,0.5999,0.9721,0.6346,0.9743,0.6074,0.9705,0.6002,0.9742,0.5617,0.9741,0.5805,0.9742
CatBoostClassifier,2 Classes S vs IW / Normal / No Scaler / Unbalanced / Feature Selection,0.7404,0.9221,0.5104,0.8424,0.4708,0.8815,0.6617,0.9165,0.5231,0.9531,0.5104,0.8424,0.2805,0.7627,0.3781,0.8015
CatBoostClassifier,2 Classes S vs IW / Normal / No Scaler / SMOTE / Feature Selection,0.7171,0.9787,0.5323,0.9593,0.5259,0.9706,0.6779,0.9784,0.5633,0.9835,0.5323,0.9593,0.3475,0.9398,0.4299,0.9495
CatBoostClassifier,2 Classes S vs IW / Normal / No Scaler / RandomOverSampler / Feature Selection,0.6814,0.9924,0.5179,0.9875,0.5145,0.9898,0.6582,0.9924,0.5259,0.9921,0.5179,0.9875,0.3544,0.9826,0.4282,0.9851
CatBoostClassifier,2 Classes S vs IW / Normal / StandardScaler / Unbalanced / Feature Selection,0.7404,0.9221,0.5104,0.8424,0.4708,0.8815,0.6617,0.9165,0.5231,0.9531,0.5104,0.8424,0.2805,0.7627,0.3781,0.8015
CatBoostClassifier,2 Classes S vs IW / Normal / StandardScaler / SMOTE / Feature Selection,0.6937,0.9825,0.5261,0.9692,0.5235,0.9760,0.6671,0.9823,0.5440,0.9835,0.5261,0.9692,0.3585,0.9560,0.4342,0.9626
CatBoostClassifier,2 Classes S vs IW / Normal / StandardScaler / RandomOverSampler / Feature Selection,0.6814,0.9924,0.5179,0.9875,0.5145,0.9898,0.6582,0.9924,0.5259,0.9921,0.5179,0.9875,0.3544,0.9826,0.4282,0.9851
CatBoostClassifier,2 Classes S vs IW / Normal / MinMaxScaler / Unbalanced / Feature Selection,0.7404,0.9221,0.5104,0.8424,0.4708,0.8815,0.6617,0.9165,0.5231,0.9531,0.5104,0.8424,0.2805,0.7627,0.3781,0.8015
CatBoostClassifier,2 Classes S vs IW / Normal / MinMaxScaler / SMOTE / Feature Selection,0.6855,0.9794,0.5281,0.9639,0.5270,0.9716,0.6650,0.9791,0.5396,0.9806,0.5281,0.9639,0.3707,0.9485,0.4422,0.9561
CatBoostClassifier,2 Classes S vs IW / Normal / MinMaxScaler / RandomOverSampler / Feature Selection,0.6814,0.9924,0.5179,0.9875,0.5145,0.9898,0.6582,0.9924,0.5259,0.9921,0.5179,0.9875,0.3544,0.9826,0.4282,0.9851
CatBoostClassifier,2 Classes S vs IW / Feature Engineering / No Scaler / Unbalanced / Feature Selection,0.7404,0.9221,0.5104,0.8424,0.4708,0.8815,0.6617,0.9165,0.5231,0.9531,0.5104,0.8424,0.2805,0.7627,0.3781,0.8015
CatBoostClassifier,2 Classes S vs IW / Feature Engineering / No Scaler / SMOTE / Feature Selection,0.7171,0.9787,0.5323,0.9593,0.5259,0.9706,0.6779,0.9784,0.5633,0.9835,0.5323,0.9593,0.3475,0.9398,0.4299,0.9495
CatBoostClassifier,2 Classes S vs IW / Feature Engineering / No Scaler / RandomOverSampler / Feature Selection,0.6814,0.9924,0.5179,0.9875,0.5145,0.9898,0.6582,0.9924,0.5259,0.9921,0.5179,0.9875,0.3544,0.9826,0.4282,0.9851
CatBoostClassifier,2 Classes S vs IW / Feature Engineering / StandardScaler / Unbalanced / Feature Selection,0.7404,0.9221,0.5104,0.8424,0.4708,0.8815,0.6617,0.9165,0.5231,0.9531,0.5104,0.8424,0.2805,0.7627,0.3781,0.8015
CatBoostClassifier,2 Classes S vs IW / Feature Engineering / StandardScaler / SMOTE / Feature Selection,0.6937,0.9825,0.5261,0.9692,0.5235,0.9760,0.6671,0.9823,0.5440,0.9835,0.5261,0.9692,0.3585,0.9560,0.4342,0.9626
CatBoostClassifier,2 Classes S vs IW / Feature Engineering / StandardScaler / RandomOverSampler / Feature Selection,0.6814,0.9924,0.5179,0.9875,0.5145,0.9898,0.6582,0.9924,0.5259,0.9921,0.5179,0.9875,0.3544,0.9826,0.4282,0.9851
CatBoostClassifier,2 Classes S vs IW / Feature Engineering / MinMaxScaler / Unbalanced / Feature Selection,0.7404,0.9221,0.5104,0.8424,0.4708,0.8815,0.6617,0.9165,0.5231,0.9531,0.5104,0.8424,0.2805,0.7627,0.3781,0.8015
CatBoostClassifier,2 Classes S vs IW / Feature Engineering / MinMaxScaler / SMOTE / Feature Selection,0.6855,0.9794,0.5281,0.9639,0.5270,0.9716,0.6650,0.9791,0.5396,0.9806,0.5281,0.9639,0.3707,0.9485,0.4422,0.9561
CatBoostClassifier,2 Classes S vs IW / Feature Engineering / MinMaxScaler / RandomOverSampler / Feature Selection,0.6814,0.9924,0.5179,0.9875,0.5145,0.9898,0.6582,0.9924,0.5259,0.9921,0.5179,0.9875,0.3544,0.9826,0.4282,0.9851
LGBMClassifier,3 Classes / Normal / No Scaler / Unbalanced,0.4093,1.0000,0.3874,1.0000,0.3844,1.0000,0.4011,1.0000,0.3921,1.0000,0.3874,1.0000,0.6729,1.0000,0.5102,1.0000
LGBMClassifier,3 Classes / Normal / StandardScaler / Unbalanced,0.4038,1.0000,0.3808,1.0000,0.3762,1.0000,0.3946,1.0000,0.3816,1.0000,0.3808,1.0000,0.6720,1.0000,0.5055,1.0000
LGBMClassifier,3 Classes / Normal / MinMaxScaler / Unbalanced,0.4093,1.0000,0.3874,1.0000,0.3844,1.0000,0.4011,1.0000,0.3921,1.0000,0.3874,1.0000,0.6729,1.0000,0.5102,1.0000
LGBMClassifier,3 Classes / Feature Engineering / No Scaler / Unbalanced,0.4093,1.0000,0.3874,1.0000,0.3844,1.0000,0.4011,1.0000,0.3921,1.0000,0.3874,1.0000,0.6729,1.0000,0.5102,1.0000
LGBMClassifier,3 Classes / Feature Engineering / StandardScaler / Unbalanced,0.4038,1.0000,0.3808,1.0000,0.3762,1.0000,0.3946,1.0000,0.3816,1.0000,0.3808,1.0000,0.6720,1.0000,0.5055,1.0000
LGBMClassifier,3 Classes / Feature Engineering / MinMaxScaler / Unbalanced,0.4093,1.0000,0.3874,1.0000,0.3844,1.0000,0.4011,1.0000,0.3921,1.0000,0.3874,1.0000,0.6729,1.0000,0.5102,1.0000
LGBMClassifier,2 Classes IS vs W / Normal / No Scaler / Unbalanced,0.6236,1.0000,0.5628,1.0000,0.5620,1.0000,0.6086,1.0000,0.5771,1.0000,0.5628,1.0000,0.5020,1.0000,0.5315,1.0000
LGBMClassifier,2 Classes IS vs W / Normal / No Scaler / SMOTE,0.6263,1.0000,0.5735,1.0000,0.5744,1.0000,0.6165,1.0000,0.5856,1.0000,0.5735,1.0000,0.5207,1.0000,0.5464,1.0000
LGBMClassifier,2 Classes IS vs W / Normal / No Scaler / RandomOverSampler,0.6277,1.0000,0.5788,1.0000,0.5793,1.0000,0.6196,1.0000,0.5871,1.0000,0.5788,1.0000,0.5300,1.0000,0.5538,1.0000
LGBMClassifier,2 Classes IS vs W / Normal / StandardScaler / Unbalanced,0.6401,1.0000,0.5799,1.0000,0.5805,1.0000,0.6254,1.0000,0.5967,1.0000,0.5799,1.0000,0.5198,1.0000,0.5490,1.0000
LGBMClassifier,2 Classes IS vs W / Normal / StandardScaler / SMOTE,0.6167,1.0000,0.5686,1.0000,0.5698,1.0000,0.6099,1.0000,0.5779,1.0000,0.5686,1.0000,0.5204,1.0000,0.5439,1.0000
LGBMClassifier,2 Classes IS vs W / Normal / StandardScaler / RandomOverSampler,0.6222,1.0000,0.5754,1.0000,0.5753,1.0000,0.6151,1.0000,0.5817,1.0000,0.5754,1.0000,0.5286,1.0000,0.5514,1.0000
LGBMClassifier,2 Classes IS vs W / Normal / MinMaxScaler / Unbalanced,0.6236,1.0000,0.5628,1.0000,0.5620,1.0000,0.6086,1.0000,0.5771,1.0000,0.5628,1.0000,0.5020,1.0000,0.5315,1.0000
LGBMClassifier,2 Classes IS vs W / Normal / MinMaxScaler / SMOTE,0.6029,1.0000,0.5613,1.0000,0.5615,1.0000,0.5997,1.0000,0.5647,1.0000,0.5613,1.0000,0.5196,1.0000,0.5400,1.0000
LGBMClassifier,2 Classes IS vs W / Normal / MinMaxScaler / RandomOverSampler,0.6277,1.0000,0.5788,1.0000,0.5793,1.0000,0.6196,1.0000,0.5871,1.0000,0.5788,1.0000,0.5300,1.0000,0.5538,1.0000
LGBMClassifier,2 Classes IS vs W / Feature Engineering / No Scaler / Unbalanced,0.6236,1.0000,0.5628,1.0000,0.5620,1.0000,0.6086,1.0000,0.5771,1.0000,0.5628,1.0000,0.5020,1.0000,0.5315,1.0000
LGBMClassifier,2 Classes IS vs W / Feature Engineering / No Scaler / SMOTE,0.6263,1.0000,0.5735,1.0000,0.5744,1.0000,0.6165,1.0000,0.5856,1.0000,0.5735,1.0000,0.5207,1.0000,0.5464,1.0000
LGBMClassifier,2 Classes IS vs W / Feature Engineering / No Scaler / RandomOverSampler,0.6277,1.0000,0.5788,1.0000,0.5793,1.0000,0.6196,1.0000,0.5871,1.0000,0.5788,1.0000,0.5300,1.0000,0.5538,1.0000
LGBMClassifier,2 Classes IS vs W / Feature Engineering / StandardScaler / Unbalanced,0.6401,1.0000,0.5799,1.0000,0.5805,1.0000,0.6254,1.0000,0.5967,1.0000,0.5799,1.0000,0.5198,1.0000,0.5490,1.0000
LGBMClassifier,2 Classes IS vs W / Feature Engineering / StandardScaler / SMOTE,0.6167,1.0000,0.5686,1.0000,0.5698,1.0000,0.6099,1.0000,0.5779,1.0000,0.5686,1.0000,0.5204,1.0000,0.5439,1.0000
LGBMClassifier,2 Classes IS vs W / Feature Engineering / StandardScaler / RandomOverSampler,0.6222,1.0000,0.5754,1.0000,0.5753,1.0000,0.6151,1.0000,0.5817,1.0000,0.5754,1.0000,0.5286,1.0000,0.5514,1.0000
LGBMClassifier,2 Classes IS vs W / Feature Engineering / MinMaxScaler / Unbalanced,0.6236,1.0000,0.5628,1.0000,0.5620,1.0000,0.6086,1.0000,0.5771,1.0000,0.5628,1.0000,0.5020,1.0000,0.5315,1.0000
LGBMClassifier,2 Classes IS vs W / Feature Engineering / MinMaxScaler / SMOTE,0.6029,1.0000,0.5613,1.0000,0.5615,1.0000,0.5997,1.0000,0.5647,1.0000,0.5613,1.0000,0.5196,1.0000,0.5400,1.0000
LGBMClassifier,2 Classes IS vs W / Feature Engineering / MinMaxScaler / RandomOverSampler,0.6277,1.0000,0.5788,1.0000,0.5793,1.0000,0.6196,1.0000,0.5871,1.0000,0.5788,1.0000,0.5300,1.0000,0.5538,1.0000
LGBMClassifier,2 Classes S vs IW / Normal / No Scaler / Unbalanced,0.7102,1.0000,0.5128,1.0000,0.4962,1.0000,0.6620,1.0000,0.5260,1.0000,0.5128,1.0000,0.3153,1.0000,0.4018,1.0000
LGBMClassifier,2 Classes S vs IW / Normal / No Scaler / SMOTE,0.7088,1.0000,0.5286,1.0000,0.5214,1.0000,0.6725,1.0000,0.5513,1.0000,0.5286,1.0000,0.3485,1.0000,0.4289,1.0000
LGBMClassifier,2 Classes S vs IW / Normal / No Scaler / RandomOverSampler,0.7116,1.0000,0.5360,1.0000,0.5302,1.0000,0.6774,1.0000,0.5615,1.0000,0.5360,1.0000,0.3605,1.0000,0.4392,1.0000
LGBMClassifier,2 Classes S vs IW / Normal / StandardScaler / Unbalanced,0.7349,1.0000,0.5329,1.0000,0.5174,1.0000,0.6811,1.0000,0.5770,1.0000,0.5329,1.0000,0.3309,1.0000,0.4196,1.0000
LGBMClassifier,2 Classes S vs IW / Normal / StandardScaler / SMOTE,0.7102,1.0000,0.5333,1.0000,0.5265,1.0000,0.6753,1.0000,0.5523,1.0000,0.5333,1.0000,0.3564,1.0000,0.4356,1.0000
LGBMClassifier,2 Classes S vs IW / Normal / StandardScaler / RandomOverSampler,0.7102,1.0000,0.5407,1.0000,0.5364,1.0000,0.6795,1.0000,0.5618,1.0000,0.5407,1.0000,0.3713,1.0000,0.4476,1.0000
LGBMClassifier,2 Classes S vs IW / Normal / MinMaxScaler / Unbalanced,0.7102,1.0000,0.5128,1.0000,0.4962,1.0000,0.6620,1.0000,0.5260,1.0000,0.5128,1.0000,0.3153,1.0000,0.4018,1.0000
LGBMClassifier,2 Classes S vs IW / Normal / MinMaxScaler / SMOTE,0.6910,1.0000,0.5093,1.0000,0.4994,1.0000,0.6556,1.0000,0.5180,1.0000,0.5093,1.0000,0.3276,1.0000,0.4082,1.0000
LGBMClassifier,2 Classes S vs IW / Normal / MinMaxScaler / RandomOverSampler,0.7116,1.0000,0.5360,1.0000,0.5302,1.0000,0.6774,1.0000,0.5615,1.0000,0.5360,1.0000,0.3605,1.0000,0.4392,1.0000
LGBMClassifier,2 Classes S vs IW / Feature Engineering / No Scaler / Unbalanced,0.7102,1.0000,0.5128,1.0000,0.4962,1.0000,0.6620,1.0000,0.5260,1.0000,0.5128,1.0000,0.3153,1.0000,0.4018,1.0000
LGBMClassifier,2 Classes S vs IW / Feature Engineering / No Scaler / SMOTE,0.7088,1.0000,0.5286,1.0000,0.5214,1.0000,0.6725,1.0000,0.5513,1.0000,0.5286,1.0000,0.3485,1.0000,0.4289,1.0000
LGBMClassifier,2 Classes S vs IW / Feature Engineering / No Scaler / RandomOverSampler,0.7116,1.0000,0.5360,1.0000,0.5302,1.0000,0.6774,1.0000,0.5615,1.0000,0.5360,1.0000,0.3605,1.0000,0.4392,1.0000
LGBMClassifier,2 Classes S vs IW / Feature Engineering / StandardScaler / Unbalanced,0.7349,1.0000,0.5329,1.0000,0.5174,1.0000,0.6811,1.0000,0.5770,1.0000,0.5329,1.0000,0.3309,1.0000,0.4196,1.0000
LGBMClassifier,2 Classes S vs IW / Feature Engineering / StandardScaler / SMOTE,0.7102,1.0000,0.5333,1.0000,0.5265,1.0000,0.6753,1.0000,0.5523,1.0000,0.5333,1.0000,0.3564,1.0000,0.4356,1.0000
LGBMClassifier,2 Classes S vs IW / Feature Engineering / StandardScaler / RandomOverSampler,0.7102,1.0000,0.5407,1.0000,0.5364,1.0000,0.6795,1.0000,0.5618,1.0000,0.5407,1.0000,0.3713,1.0000,0.4476,1.0000
LGBMClassifier,2 Classes S vs IW / Feature Engineering / MinMaxScaler / Unbalanced,0.7102,1.0000,0.5128,1.0000,0.4962,1.0000,0.6620,1.0000,0.5260,1.0000,0.5128,1.0000,0.3153,1.0000,0.4018,1.0000
LGBMClassifier,2 Classes S vs IW / Feature Engineering / MinMaxScaler / SMOTE,0.6910,1.0000,0.5093,1.0000,0.4994,1.0000,0.6556,1.0000,0.5180,1.0000,0.5093,1.0000,0.3276,1.0000,0.4082,1.0000
LGBMClassifier,2 Classes S vs IW / Feature Engineering / MinMaxScaler / RandomOverSampler,0.7116,1.0000,0.5360,1.0000,0.5302,1.0000,0.6774,1.0000,0.5615,1.0000,0.5360,1.0000,0.3605,1.0000,0.4392,1.0000
LGBMClassifier,3 Classes / Normal / No Scaler / Unbalanced / Feature Selection,0.4011,1.0000,0.3794,1.0000,0.3770,1.0000,0.3951,1.0000,0.3814,1.0000,0.3794,1.0000,0.6757,1.0000,0.5060,1.0000
LGBMClassifier,3 Classes / Normal / StandardScaler / Unbalanced / Feature Selection,0.3970,1.0000,0.3748,1.0000,0.3718,1.0000,0.3904,1.0000,0.3759,1.0000,0.3748,1.0000,0.6733,1.0000,0.5020,1.0000
LGBMClassifier,3 Classes / Normal / MinMaxScaler / Unbalanced / Feature Selection,0.4011,1.0000,0.3794,1.0000,0.3770,1.0000,0.3951,1.0000,0.3814,1.0000,0.3794,1.0000,0.6757,1.0000,0.5060,1.0000
LGBMClassifier,3 Classes / Feature Engineering / No Scaler / Unbalanced / Feature Selection,0.4011,1.0000,0.3794,1.0000,0.3770,1.0000,0.3951,1.0000,0.3814,1.0000,0.3794,1.0000,0.6757,1.0000,0.5060,1.0000
LGBMClassifier,3 Classes / Feature Engineering / StandardScaler / Unbalanced / Feature Selection,0.3970,1.0000,0.3748,1.0000,0.3718,1.0000,0.3904,1.0000,0.3759,1.0000,0.3748,1.0000,0.6733,1.0000,0.5020,1.0000
LGBMClassifier,3 Classes / Feature Engineering / MinMaxScaler / Unbalanced / Feature Selection,0.4011,1.0000,0.3794,1.0000,0.3770,1.0000,0.3951,1.0000,0.3814,1.0000,0.3794,1.0000,0.6757,1.0000,0.5060,1.0000
LGBMClassifier,2 Classes IS vs W / Normal / No Scaler / Unbalanced / Feature Selection,0.6442,0.9997,0.5907,0.9997,0.5922,0.9996,0.6334,0.9997,0.6052,0.9995,0.5907,0.9997,0.5373,0.9998,0.5634,0.9998
LGBMClassifier,2 Classes IS vs W / Normal / No Scaler / SMOTE / Feature Selection,0.6318,0.9997,0.5829,0.9997,0.5840,0.9996,0.6237,0.9997,0.5943,0.9995,0.5829,0.9997,0.5339,0.9998,0.5578,0.9998
LGBMClassifier,2 Classes IS vs W / Normal / No Scaler / RandomOverSampler / Feature Selection,0.6372,0.9997,0.5965,0.9997,0.5981,0.9996,0.6333,0.9997,0.6058,0.9995,0.5965,0.9997,0.5558,0.9998,0.5757,0.9998
LGBMClassifier,2 Classes IS vs W / Normal / StandardScaler / Unbalanced / Feature Selection,0.6345,0.9997,0.5807,0.9997,0.5813,0.9996,0.6233,0.9997,0.5955,0.9995,0.5807,0.9997,0.5269,0.9998,0.5531,0.9998
LGBMClassifier,2 Classes IS vs W / Normal / StandardScaler / SMOTE / Feature Selection,0.6112,0.9997,0.5702,0.9997,0.5695,0.9996,0.6065,0.9997,0.5768,0.9995,0.5702,0.9997,0.5293,0.9998,0.5493,0.9998
LGBMClassifier,2 Classes IS vs W / Normal / StandardScaler / RandomOverSampler / Feature Selection,0.6372,0.9997,0.5965,0.9997,0.5981,0.9996,0.6333,0.9997,0.6058,0.9995,0.5965,0.9997,0.5558,0.9998,0.5757,0.9998
LGBMClassifier,2 Classes IS vs W / Normal / MinMaxScaler / Unbalanced / Feature Selection,0.6442,0.9997,0.5907,0.9997,0.5922,0.9996,0.6334,0.9997,0.6052,0.9995,0.5907,0.9997,0.5373,0.9998,0.5634,0.9998
LGBMClassifier,2 Classes IS vs W / Normal / MinMaxScaler / SMOTE / Feature Selection,0.6456,0.9997,0.6123,0.9997,0.6117,0.9996,0.6439,0.9997,0.6154,0.9995,0.6123,0.9997,0.5791,0.9998,0.5954,0.9998
LGBMClassifier,2 Classes IS vs W / Normal / MinMaxScaler / RandomOverSampler / Feature Selection,0.6372,0.9997,0.5965,0.9997,0.5981,0.9996,0.6333,0.9997,0.6058,0.9995,0.5965,0.9997,0.5558,0.9998,0.5757,0.9998
LGBMClassifier,2 Classes IS vs W / Feature Engineering / No Scaler / Unbalanced / Feature Selection,0.6442,0.9997,0.5907,0.9997,0.5922,0.9996,0.6334,0.9997,0.6052,0.9995,0.5907,0.9997,0.5373,0.9998,0.5634,0.9998
LGBMClassifier,2 Classes IS vs W / Feature Engineering / No Scaler / SMOTE / Feature Selection,0.6318,0.9997,0.5829,0.9997,0.5840,0.9996,0.6237,0.9997,0.5943,0.9995,0.5829,0.9997,0.5339,0.9998,0.5578,0.9998
LGBMClassifier,2 Classes IS vs W / Feature Engineering / No Scaler / RandomOverSampler / Feature Selection,0.6372,0.9997,0.5965,0.9997,0.5981,0.9996,0.6333,0.9997,0.6058,0.9995,0.5965,0.9997,0.5558,0.9998,0.5757,0.9998
LGBMClassifier,2 Classes IS vs W / Feature Engineering / StandardScaler / Unbalanced / Feature Selection,0.6345,0.9997,0.5807,0.9997,0.5813,0.9996,0.6233,0.9997,0.5955,0.9995,0.5807,0.9997,0.5269,0.9998,0.5531,0.9998
LGBMClassifier,2 Classes IS vs W / Feature Engineering / StandardScaler / SMOTE / Feature Selection,0.6112,0.9997,0.5702,0.9997,0.5695,0.9996,0.6065,0.9997,0.5768,0.9995,0.5702,0.9997,0.5293,0.9998,0.5493,0.9998
LGBMClassifier,2 Classes IS vs W / Feature Engineering / StandardScaler / RandomOverSampler / Feature Selection,0.6372,0.9997,0.5965,0.9997,0.5981,0.9996,0.6333,0.9997,0.6058,0.9995,0.5965,0.9997,0.5558,0.9998,0.5757,0.9998
LGBMClassifier,2 Classes IS vs W / Feature Engineering / MinMaxScaler / Unbalanced / Feature Selection,0.6442,0.9997,0.5907,0.9997,0.5922,0.9996,0.6334,0.9997,0.6052,0.9995,0.5907,0.9997,0.5373,0.9998,0.5634,0.9998
LGBMClassifier,2 Classes IS vs W / Feature Engineering / MinMaxScaler / SMOTE / Feature Selection,0.6456,0.9997,0.6123,0.9997,0.6117,0.9996,0.6439,0.9997,0.6154,0.9995,0.6123,0.9997,0.5791,0.9998,0.5954,0.9998
LGBMClassifier,2 Classes IS vs W / Feature Engineering / MinMaxScaler / RandomOverSampler / Feature Selection,0.6372,0.9997,0.5965,0.9997,0.5981,0.9996,0.6333,0.9997,0.6058,0.9995,0.5965,0.9997,0.5558,0.9998,0.5757,0.9998
LGBMClassifier,2 Classes S vs IW / Normal / No Scaler / Unbalanced / Feature Selection,0.7280,1.0000,0.5433,1.0000,0.5395,1.0000,0.6884,1.0000,0.5835,1.0000,0.5433,1.0000,0.3585,1.0000,0.4413,1.0000
LGBMClassifier,2 Classes S vs IW / Normal / No Scaler / SMOTE / Feature Selection,0.7102,1.0000,0.5426,1.0000,0.5422,1.0000,0.6824,1.0000,0.5641,1.0000,0.5426,1.0000,0.3751,1.0000,0.4511,1.0000
LGBMClassifier,2 Classes S vs IW / Normal / No Scaler / RandomOverSampler / Feature Selection,0.7020,1.0000,0.5371,1.0000,0.5354,1.0000,0.6760,1.0000,0.5511,1.0000,0.5371,1.0000,0.3723,1.0000,0.4470,1.0000
LGBMClassifier,2 Classes S vs IW / Normal / StandardScaler / Unbalanced / Feature Selection,0.7281,0.9997,0.5508,0.9993,0.5500,0.9995,0.6930,0.9997,0.5923,0.9998,0.5508,0.9993,0.3735,0.9990,0.4535,0.9991
LGBMClassifier,2 Classes S vs IW / Normal / StandardScaler / SMOTE / Feature Selection,0.6882,1.0000,0.5243,1.0000,0.5219,1.0000,0.6643,1.0000,0.5346,1.0000,0.5243,1.0000,0.3604,1.0000,0.4343,1.0000
LGBMClassifier,2 Classes S vs IW / Normal / StandardScaler / RandomOverSampler / Feature Selection,0.7033,1.0000,0.5530,1.0000,0.5554,1.0000,0.6850,1.0000,0.5694,1.0000,0.5530,1.0000,0.4026,1.0000,0.4718,1.0000
LGBMClassifier,2 Classes S vs IW / Normal / MinMaxScaler / Unbalanced / Feature Selection,0.7280,1.0000,0.5433,1.0000,0.5395,1.0000,0.6884,1.0000,0.5835,1.0000,0.5433,1.0000,0.3585,1.0000,0.4413,1.0000
LGBMClassifier,2 Classes S vs IW / Normal / MinMaxScaler / SMOTE / Feature Selection,0.6758,1.0000,0.5086,1.0000,0.5029,1.0000,0.6507,1.0000,0.5108,1.0000,0.5086,1.0000,0.3414,1.0000,0.4164,1.0000
LGBMClassifier,2 Classes S vs IW / Normal / MinMaxScaler / RandomOverSampler / Feature Selection,0.7020,1.0000,0.5371,1.0000,0.5354,1.0000,0.6760,1.0000,0.5511,1.0000,0.5371,1.0000,0.3723,1.0000,0.4470,1.0000
LGBMClassifier,2 Classes S vs IW / Feature Engineering / No Scaler / Unbalanced / Feature Selection,0.7280,1.0000,0.5433,1.0000,0.5395,1.0000,0.6884,1.0000,0.5835,1.0000,0.5433,1.0000,0.3585,1.0000,0.4413,1.0000
LGBMClassifier,2 Classes S vs IW / Feature Engineering / No Scaler / SMOTE / Feature Selection,0.7102,1.0000,0.5426,1.0000,0.5422,1.0000,0.6824,1.0000,0.5641,1.0000,0.5426,1.0000,0.3751,1.0000,0.4511,1.0000
LGBMClassifier,2 Classes S vs IW / Feature Engineering / No Scaler / RandomOverSampler / Feature Selection,0.7020,1.0000,0.5371,1.0000,0.5354,1.0000,0.6760,1.0000,0.5511,1.0000,0.5371,1.0000,0.3723,1.0000,0.4470,1.0000
LGBMClassifier,2 Classes S vs IW / Feature Engineering / StandardScaler / Unbalanced / Feature Selection,0.7281,0.9997,0.5508,0.9993,0.5500,0.9995,0.6930,0.9997,0.5923,0.9998,0.5508,0.9993,0.3735,0.9990,0.4535,0.9991
LGBMClassifier,2 Classes S vs IW / Feature Engineering / StandardScaler / SMOTE / Feature Selection,0.6882,1.0000,0.5243,1.0000,0.5219,1.0000,0.6643,1.0000,0.5346,1.0000,0.5243,1.0000,0.3604,1.0000,0.4343,1.0000
LGBMClassifier,2 Classes S vs IW / Feature Engineering / StandardScaler / RandomOverSampler / Feature Selection,0.7033,1.0000,0.5530,1.0000,0.5554,1.0000,0.6850,1.0000,0.5694,1.0000,0.5530,1.0000,0.4026,1.0000,0.4718,1.0000
LGBMClassifier,2 Classes S vs IW / Feature Engineering / MinMaxScaler / Unbalanced / Feature Selection,0.7280,1.0000,0.5433,1.0000,0.5395,1.0000,0.6884,1.0000,0.5835,1.0000,0.5433,1.0000,0.3585,1.0000,0.4413,1.0000
LGBMClassifier,2 Classes S vs IW / Feature Engineering / MinMaxScaler / SMOTE / Feature Selection,0.6758,1.0000,0.5086,1.0000,0.5029,1.0000,0.6507,1.0000,0.5108,1.0000,0.5086,1.0000,0.3414,1.0000,0.4164,1.0000
LGBMClassifier,2 Classes S vs IW / Feature Engineering / MinMaxScaler / RandomOverSampler / Feature Selection,0.7020,1.0000,0.5371,1.0000,0.5354,1.0000,0.6760,1.0000,0.5511,1.0000,0.5371,1.0000,0.3723,1.0000,0.4470,1.0000
GradientBoostingClassifier,3 Classes / Normal / No Scaler / Unbalanced,0.4135,0.9344,0.3890,0.9264,0.3811,0.9328,0.3988,0.9341,0.3987,0.9433,0.3890,0.9264,0.6702,0.9608,0.5103,0.9434
GradientBoostingClassifier,3 Classes / Normal / StandardScaler / Unbalanced,0.4121,0.9344,0.3879,0.9264,0.3801,0.9328,0.3976,0.9341,0.3977,0.9433,0.3879,0.9264,0.6694,0.9608,0.5093,0.9434
GradientBoostingClassifier,3 Classes / Normal / MinMaxScaler / Unbalanced,0.4121,0.9344,0.3879,0.9264,0.3801,0.9328,0.3976,0.9341,0.3977,0.9433,0.3879,0.9264,0.6694,0.9608,0.5093,0.9434
GradientBoostingClassifier,3 Classes / Feature Engineering / No Scaler / Unbalanced,0.4135,0.9344,0.3890,0.9264,0.3811,0.9328,0.3988,0.9341,0.3987,0.9433,0.3890,0.9264,0.6702,0.9608,0.5103,0.9434
GradientBoostingClassifier,3 Classes / Feature Engineering / StandardScaler / Unbalanced,0.4121,0.9344,0.3879,0.9264,0.3801,0.9328,0.3976,0.9341,0.3977,0.9433,0.3879,0.9264,0.6694,0.9608,0.5093,0.9434
GradientBoostingClassifier,3 Classes / Feature Engineering / MinMaxScaler / Unbalanced,0.4121,0.9344,0.3879,0.9264,0.3801,0.9328,0.3976,0.9341,0.3977,0.9433,0.3879,0.9264,0.6694,0.9608,0.5093,0.9434
GradientBoostingClassifier,2 Classes IS vs W / Normal / No Scaler / Unbalanced,0.6235,0.9220,0.5568,0.8973,0.5549,0.9116,0.6045,0.9203,0.5750,0.9346,0.5568,0.8973,0.4900,0.8725,0.5223,0.8848
GradientBoostingClassifier,2 Classes IS vs W / Normal / No Scaler / SMOTE,0.6099,0.9310,0.5650,0.9275,0.5635,0.9252,0.6033,0.9311,0.5696,0.9231,0.5650,0.9275,0.5202,0.9240,0.5420,0.9258
GradientBoostingClassifier,2 Classes IS vs W / Normal / No Scaler / RandomOverSampler,0.6263,0.9224,0.6051,0.9245,0.6002,0.9169,0.6280,0.9230,0.6043,0.9117,0.6051,0.9245,0.5839,0.9265,0.5943,0.9255
GradientBoostingClassifier,2 Classes IS vs W / Normal / StandardScaler / Unbalanced,0.6222,0.9220,0.5557,0.8973,0.5538,0.9116,0.6033,0.9203,0.5736,0.9346,0.5557,0.8973,0.4893,0.8725,0.5214,0.8848
GradientBoostingClassifier,2 Classes IS vs W / Normal / StandardScaler / SMOTE,0.6222,0.9282,0.5857,0.9262,0.5837,0.9225,0.6188,0.9285,0.5894,0.9193,0.5857,0.9262,0.5492,0.9242,0.5671,0.9252
GradientBoostingClassifier,2 Classes IS vs W / Normal / StandardScaler / RandomOverSampler,0.6276,0.9224,0.6062,0.9245,0.6014,0.9169,0.6293,0.9230,0.6055,0.9117,0.6062,0.9245,0.5847,0.9265,0.5952,0.9255
GradientBoostingClassifier,2 Classes IS vs W / Normal / MinMaxScaler / Unbalanced,0.6235,0.9220,0.5576,0.8973,0.5559,0.9116,0.6050,0.9203,0.5755,0.9346,0.5576,0.8973,0.4917,0.8725,0.5236,0.8848
GradientBoostingClassifier,2 Classes IS vs W / Normal / MinMaxScaler / SMOTE,0.6290,0.9279,0.5962,0.9292,0.5946,0.9226,0.6277,0.9284,0.5980,0.9176,0.5962,0.9292,0.5633,0.9304,0.5794,0.9298
GradientBoostingClassifier,2 Classes IS vs W / Normal / MinMaxScaler / RandomOverSampler,0.6263,0.9224,0.6042,0.9245,0.5997,0.9169,0.6278,0.9230,0.6038,0.9117,0.6042,0.9245,0.5822,0.9265,0.5930,0.9255
GradientBoostingClassifier,2 Classes IS vs W / Feature Engineering / No Scaler / Unbalanced,0.6235,0.9220,0.5568,0.8973,0.5549,0.9116,0.6045,0.9203,0.5750,0.9346,0.5568,0.8973,0.4900,0.8725,0.5223,0.8848
GradientBoostingClassifier,2 Classes IS vs W / Feature Engineering / No Scaler / SMOTE,0.6099,0.9310,0.5650,0.9275,0.5635,0.9252,0.6033,0.9311,0.5696,0.9231,0.5650,0.9275,0.5202,0.9240,0.5420,0.9258
GradientBoostingClassifier,2 Classes IS vs W / Feature Engineering / No Scaler / RandomOverSampler,0.6263,0.9224,0.6051,0.9245,0.6002,0.9169,0.6280,0.9230,0.6043,0.9117,0.6051,0.9245,0.5839,0.9265,0.5943,0.9255
GradientBoostingClassifier,2 Classes IS vs W / Feature Engineering / StandardScaler / Unbalanced,0.6222,0.9220,0.5557,0.8973,0.5538,0.9116,0.6033,0.9203,0.5736,0.9346,0.5557,0.8973,0.4893,0.8725,0.5214,0.8848
GradientBoostingClassifier,2 Classes IS vs W / Feature Engineering / StandardScaler / SMOTE,0.6222,0.9282,0.5857,0.9262,0.5837,0.9225,0.6188,0.9285,0.5894,0.9193,0.5857,0.9262,0.5492,0.9242,0.5671,0.9252
GradientBoostingClassifier,2 Classes IS vs W / Feature Engineering / StandardScaler / RandomOverSampler,0.6276,0.9224,0.6062,0.9245,0.6014,0.9169,0.6293,0.9230,0.6055,0.9117,0.6062,0.9245,0.5847,0.9265,0.5952,0.9255
GradientBoostingClassifier,2 Classes IS vs W / Feature Engineering / MinMaxScaler / Unbalanced,0.6235,0.9220,0.5576,0.8973,0.5559,0.9116,0.6050,0.9203,0.5755,0.9346,0.5576,0.8973,0.4917,0.8725,0.5236,0.8848
GradientBoostingClassifier,2 Classes IS vs W / Feature Engineering / MinMaxScaler / SMOTE,0.6290,0.9279,0.5962,0.9292,0.5946,0.9226,0.6277,0.9284,0.5980,0.9176,0.5962,0.9292,0.5633,0.9304,0.5794,0.9298
GradientBoostingClassifier,2 Classes IS vs W / Feature Engineering / MinMaxScaler / RandomOverSampler,0.6263,0.9224,0.6042,0.9245,0.5997,0.9169,0.6278,0.9230,0.6038,0.9117,0.6042,0.9245,0.5822,0.9265,0.5930,0.9255
GradientBoostingClassifier,2 Classes S vs IW / Normal / No Scaler / Unbalanced,0.7266,0.9162,0.5125,0.8306,0.4853,0.8715,0.6633,0.9098,0.5281,0.9499,0.5125,0.8306,0.2984,0.7449,0.3907,0.7866
GradientBoostingClassifier,2 Classes S vs IW / Normal / No Scaler / SMOTE,0.6964,0.9485,0.5204,0.9094,0.5146,0.9276,0.6645,0.9473,0.5380,0.9509,0.5204,0.9094,0.3444,0.8702,0.4232,0.8896
GradientBoostingClassifier,2 Classes S vs IW / Normal / No Scaler / RandomOverSampler,0.6497,0.9492,0.5211,0.9392,0.5194,0.9328,0.6455,0.9495,0.5212,0.9270,0.5211,0.9392,0.3924,0.9292,0.4519,0.9342
GradientBoostingClassifier,2 Classes S vs IW / Normal / StandardScaler / Unbalanced,0.7266,0.9162,0.5125,0.8306,0.4853,0.8715,0.6633,0.9098,0.5281,0.9499,0.5125,0.8306,0.2984,0.7449,0.3907,0.7866
GradientBoostingClassifier,2 Classes S vs IW / Normal / StandardScaler / SMOTE,0.6937,0.9492,0.5186,0.9131,0.5084,0.9289,0.6603,0.9481,0.5282,0.9485,0.5186,0.9131,0.3435,0.8770,0.4214,0.8948
GradientBoostingClassifier,2 Classes S vs IW / Normal / StandardScaler / RandomOverSampler,0.6484,0.9492,0.5183,0.9392,0.5163,0.9328,0.6436,0.9495,0.5181,0.9270,0.5183,0.9392,0.3883,0.9292,0.4482,0.9342
GradientBoostingClassifier,2 Classes S vs IW / Normal / MinMaxScaler / Unbalanced,0.7266,0.9162,0.5125,0.8306,0.4853,0.8715,0.6633,0.9098,0.5281,0.9499,0.5125,0.8306,0.2984,0.7449,0.3907,0.7866
GradientBoostingClassifier,2 Classes S vs IW / Normal / MinMaxScaler / SMOTE,0.6744,0.9475,0.5170,0.9124,0.5132,0.9268,0.6544,0.9465,0.5210,0.9445,0.5170,0.9124,0.3595,0.8774,0.4307,0.8947
GradientBoostingClassifier,2 Classes S vs IW / Normal / MinMaxScaler / RandomOverSampler,0.6497,0.9492,0.5211,0.9392,0.5194,0.9328,0.6455,0.9495,0.5212,0.9270,0.5211,0.9392,0.3924,0.9292,0.4519,0.9342
GradientBoostingClassifier,2 Classes S vs IW / Feature Engineering / No Scaler / Unbalanced,0.7266,0.9162,0.5125,0.8306,0.4853,0.8715,0.6633,0.9098,0.5281,0.9499,0.5125,0.8306,0.2984,0.7449,0.3907,0.7866
GradientBoostingClassifier,2 Classes S vs IW / Feature Engineering / No Scaler / SMOTE,0.6964,0.9485,0.5204,0.9094,0.5146,0.9276,0.6645,0.9473,0.5380,0.9509,0.5204,0.9094,0.3444,0.8702,0.4232,0.8896
GradientBoostingClassifier,2 Classes S vs IW / Feature Engineering / No Scaler / RandomOverSampler,0.6497,0.9492,0.5211,0.9392,0.5194,0.9328,0.6455,0.9495,0.5212,0.9270,0.5211,0.9392,0.3924,0.9292,0.4519,0.9342
GradientBoostingClassifier,2 Classes S vs IW / Feature Engineering / StandardScaler / Unbalanced,0.7266,0.9162,0.5125,0.8306,0.4853,0.8715,0.6633,0.9098,0.5281,0.9499,0.5125,0.8306,0.2984,0.7449,0.3907,0.7866
GradientBoostingClassifier,2 Classes S vs IW / Feature Engineering / StandardScaler / SMOTE,0.6937,0.9492,0.5186,0.9131,0.5084,0.9289,0.6603,0.9481,0.5282,0.9485,0.5186,0.9131,0.3435,0.8770,0.4214,0.8948
GradientBoostingClassifier,2 Classes S vs IW / Feature Engineering / StandardScaler / RandomOverSampler,0.6484,0.9492,0.5183,0.9392,0.5163,0.9328,0.6436,0.9495,0.5181,0.9270,0.5183,0.9392,0.3883,0.9292,0.4482,0.9342
GradientBoostingClassifier,2 Classes S vs IW / Feature Engineering / MinMaxScaler / Unbalanced,0.7266,0.9162,0.5125,0.8306,0.4853,0.8715,0.6633,0.9098,0.5281,0.9499,0.5125,0.8306,0.2984,0.7449,0.3907,0.7866
GradientBoostingClassifier,2 Classes S vs IW / Feature Engineering / MinMaxScaler / SMOTE,0.6744,0.9475,0.5170,0.9124,0.5132,0.9268,0.6544,0.9465,0.5210,0.9445,0.5170,0.9124,0.3595,0.8774,0.4307,0.8947
GradientBoostingClassifier,2 Classes S vs IW / Feature Engineering / MinMaxScaler / RandomOverSampler,0.6497,0.9492,0.5211,0.9392,0.5194,0.9328,0.6455,0.9495,0.5212,0.9270,0.5211,0.9392,0.3924,0.9292,0.4519,0.9342
GradientBoostingClassifier,3 Classes / Normal / No Scaler / Unbalanced / Feature Selection,0.4053,0.8815,0.3802,0.8703,0.3756,0.8794,0.3952,0.8811,0.3846,0.8965,0.3802,0.8703,0.6709,0.9300,0.5049,0.8996
GradientBoostingClassifier,3 Classes / Normal / StandardScaler / Unbalanced / Feature Selection,0.4053,0.8815,0.3802,0.8703,0.3756,0.8794,0.3952,0.8811,0.3846,0.8965,0.3802,0.8703,0.6709,0.9300,0.5049,0.8996
GradientBoostingClassifier,3 Classes / Normal / MinMaxScaler / Unbalanced / Feature Selection,0.4053,0.8815,0.3802,0.8703,0.3756,0.8794,0.3952,0.8811,0.3846,0.8965,0.3802,0.8703,0.6709,0.9300,0.5049,0.8996
GradientBoostingClassifier,3 Classes / Feature Engineering / No Scaler / Unbalanced / Feature Selection,0.4053,0.8815,0.3802,0.8703,0.3756,0.8794,0.3952,0.8811,0.3846,0.8965,0.3802,0.8703,0.6709,0.9300,0.5049,0.8996
GradientBoostingClassifier,3 Classes / Feature Engineering / StandardScaler / Unbalanced / Feature Selection,0.4053,0.8815,0.3802,0.8703,0.3756,0.8794,0.3952,0.8811,0.3846,0.8965,0.3802,0.8703,0.6709,0.9300,0.5049,0.8996
GradientBoostingClassifier,3 Classes / Feature Engineering / MinMaxScaler / Unbalanced / Feature Selection,0.4053,0.8815,0.3802,0.8703,0.3756,0.8794,0.3952,0.8811,0.3846,0.8965,0.3802,0.8703,0.6709,0.9300,0.5049,0.8996
GradientBoostingClassifier,2 Classes IS vs W / Normal / No Scaler / Unbalanced / Feature Selection,0.6441,0.8894,0.5830,0.8554,0.5834,0.8725,0.6283,0.8858,0.6064,0.9052,0.5830,0.8554,0.5220,0.8215,0.5516,0.8383
GradientBoostingClassifier,2 Classes IS vs W / Normal / No Scaler / SMOTE / Feature Selection,0.6359,0.8949,0.5955,0.8841,0.5963,0.8852,0.6317,0.8947,0.6047,0.8866,0.5955,0.8841,0.5551,0.8732,0.5749,0.8786
GradientBoostingClassifier,2 Classes IS vs W / Normal / No Scaler / RandomOverSampler / Feature Selection,0.6304,0.8901,0.6126,0.8936,0.6067,0.8833,0.6329,0.8913,0.6107,0.8777,0.6126,0.8936,0.5947,0.8971,0.6035,0.8953
GradientBoostingClassifier,2 Classes IS vs W / Normal / StandardScaler / Unbalanced / Feature Selection,0.6427,0.8894,0.5811,0.8554,0.5810,0.8725,0.6263,0.8858,0.6041,0.9052,0.5811,0.8554,0.5195,0.8215,0.5494,0.8383
GradientBoostingClassifier,2 Classes IS vs W / Normal / StandardScaler / SMOTE / Feature Selection,0.6277,0.8953,0.6002,0.8901,0.5986,0.8869,0.6287,0.8957,0.6013,0.8842,0.6002,0.8901,0.5726,0.8850,0.5862,0.8875
GradientBoostingClassifier,2 Classes IS vs W / Normal / StandardScaler / RandomOverSampler / Feature Selection,0.6290,0.8901,0.6115,0.8936,0.6054,0.8833,0.6316,0.8913,0.6096,0.8777,0.6115,0.8936,0.5940,0.8971,0.6026,0.8953
GradientBoostingClassifier,2 Classes IS vs W / Normal / MinMaxScaler / Unbalanced / Feature Selection,0.6427,0.8894,0.5811,0.8554,0.5810,0.8725,0.6263,0.8858,0.6041,0.9052,0.5811,0.8554,0.5195,0.8215,0.5494,0.8383
GradientBoostingClassifier,2 Classes IS vs W / Normal / MinMaxScaler / SMOTE / Feature Selection,0.6236,0.8853,0.6029,0.8843,0.5987,0.8773,0.6261,0.8862,0.6015,0.8723,0.6029,0.8843,0.5823,0.8833,0.5925,0.8838
GradientBoostingClassifier,2 Classes IS vs W / Normal / MinMaxScaler / RandomOverSampler / Feature Selection,0.6304,0.8901,0.6126,0.8936,0.6067,0.8833,0.6329,0.8913,0.6107,0.8777,0.6126,0.8936,0.5947,0.8971,0.6035,0.8953
GradientBoostingClassifier,2 Classes IS vs W / Feature Engineering / No Scaler / Unbalanced / Feature Selection,0.6441,0.8894,0.5830,0.8554,0.5834,0.8725,0.6283,0.8858,0.6064,0.9052,0.5830,0.8554,0.5220,0.8215,0.5516,0.8383
GradientBoostingClassifier,2 Classes IS vs W / Feature Engineering / No Scaler / SMOTE / Feature Selection,0.6359,0.8949,0.5955,0.8841,0.5963,0.8852,0.6317,0.8947,0.6047,0.8866,0.5955,0.8841,0.5551,0.8732,0.5749,0.8786
GradientBoostingClassifier,2 Classes IS vs W / Feature Engineering / No Scaler / RandomOverSampler / Feature Selection,0.6304,0.8901,0.6126,0.8936,0.6067,0.8833,0.6329,0.8913,0.6107,0.8777,0.6126,0.8936,0.5947,0.8971,0.6035,0.8953
GradientBoostingClassifier,2 Classes IS vs W / Feature Engineering / StandardScaler / Unbalanced / Feature Selection,0.6427,0.8894,0.5811,0.8554,0.5810,0.8725,0.6263,0.8858,0.6041,0.9052,0.5811,0.8554,0.5195,0.8215,0.5494,0.8383
GradientBoostingClassifier,2 Classes IS vs W / Feature Engineering / StandardScaler / SMOTE / Feature Selection,0.6277,0.8953,0.6002,0.8901,0.5986,0.8869,0.6287,0.8957,0.6013,0.8842,0.6002,0.8901,0.5726,0.8850,0.5862,0.8875
GradientBoostingClassifier,2 Classes IS vs W / Feature Engineering / StandardScaler / RandomOverSampler / Feature Selection,0.6290,0.8901,0.6115,0.8936,0.6054,0.8833,0.6316,0.8913,0.6096,0.8777,0.6115,0.8936,0.5940,0.8971,0.6026,0.8953
GradientBoostingClassifier,2 Classes IS vs W / Feature Engineering / MinMaxScaler / Unbalanced / Feature Selection,0.6427,0.8894,0.5811,0.8554,0.5810,0.8725,0.6263,0.8858,0.6041,0.9052,0.5811,0.8554,0.5195,0.8215,0.5494,0.8383
GradientBoostingClassifier,2 Classes IS vs W / Feature Engineering / MinMaxScaler / SMOTE / Feature Selection,0.6236,0.8853,0.6029,0.8843,0.5987,0.8773,0.6261,0.8862,0.6015,0.8723,0.6029,0.8843,0.5823,0.8833,0.5925,0.8838
GradientBoostingClassifier,2 Classes IS vs W / Feature Engineering / MinMaxScaler / RandomOverSampler / Feature Selection,0.6304,0.8901,0.6126,0.8936,0.6067,0.8833,0.6329,0.8913,0.6107,0.8777,0.6126,0.8936,0.5947,0.8971,0.6035,0.8953
GradientBoostingClassifier,2 Classes S vs IW / Normal / No Scaler / Unbalanced / Feature Selection,0.7225,0.8887,0.5191,0.7773,0.5030,0.8211,0.6698,0.8767,0.5698,0.9302,0.5191,0.7773,0.3157,0.6659,0.4048,0.7194
GradientBoostingClassifier,2 Classes S vs IW / Normal / No Scaler / SMOTE / Feature Selection,0.7060,0.9087,0.5305,0.8335,0.5267,0.8643,0.6739,0.9035,0.5490,0.9165,0.5305,0.8335,0.3551,0.7583,0.4338,0.7949
GradientBoostingClassifier,2 Classes S vs IW / Normal / No Scaler / RandomOverSampler / Feature Selection,0.6430,0.9111,0.5371,0.9032,0.5358,0.8855,0.6482,0.9129,0.5372,0.8719,0.5371,0.9032,0.4313,0.8952,0.4811,0.8992
GradientBoostingClassifier,2 Classes S vs IW / Normal / StandardScaler / Unbalanced / Feature Selection,0.7212,0.8887,0.5182,0.7773,0.5023,0.8211,0.6690,0.8767,0.5635,0.9302,0.5182,0.7773,0.3152,0.6659,0.4041,0.7194
GradientBoostingClassifier,2 Classes S vs IW / Normal / StandardScaler / SMOTE / Feature Selection,0.6841,0.9073,0.5178,0.8456,0.5133,0.8670,0.6587,0.9040,0.5250,0.8983,0.5178,0.8456,0.3516,0.7839,0.4264,0.8142
GradientBoostingClassifier,2 Classes S vs IW / Normal / StandardScaler / RandomOverSampler / Feature Selection,0.6416,0.9111,0.5362,0.9032,0.5349,0.8855,0.6471,0.9129,0.5364,0.8719,0.5362,0.9032,0.4308,0.8952,0.4805,0.8992
GradientBoostingClassifier,2 Classes S vs IW / Normal / MinMaxScaler / Unbalanced / Feature Selection,0.7198,0.8887,0.5173,0.7773,0.5015,0.8211,0.6680,0.8767,0.5641,0.9302,0.5173,0.7773,0.3148,0.6659,0.4035,0.7194
GradientBoostingClassifier,2 Classes S vs IW / Normal / MinMaxScaler / SMOTE / Feature Selection,0.6745,0.9039,0.5264,0.8391,0.5267,0.8610,0.6603,0.9000,0.5340,0.8959,0.5264,0.8391,0.3783,0.7744,0.4461,0.8060
GradientBoostingClassifier,2 Classes S vs IW / Normal / MinMaxScaler / RandomOverSampler / Feature Selection,0.6416,0.9111,0.5362,0.9032,0.5349,0.8855,0.6471,0.9129,0.5364,0.8719,0.5362,0.9032,0.4308,0.8952,0.4805,0.8992
GradientBoostingClassifier,2 Classes S vs IW / Feature Engineering / No Scaler / Unbalanced / Feature Selection,0.7225,0.8887,0.5191,0.7773,0.5030,0.8211,0.6698,0.8767,0.5698,0.9302,0.5191,0.7773,0.3157,0.6659,0.4048,0.7194
GradientBoostingClassifier,2 Classes S vs IW / Feature Engineering / No Scaler / SMOTE / Feature Selection,0.7060,0.9087,0.5305,0.8335,0.5267,0.8643,0.6739,0.9035,0.5490,0.9165,0.5305,0.8335,0.3551,0.7583,0.4338,0.7949
GradientBoostingClassifier,2 Classes S vs IW / Feature Engineering / No Scaler / RandomOverSampler / Feature Selection,0.6430,0.9111,0.5371,0.9032,0.5358,0.8855,0.6482,0.9129,0.5372,0.8719,0.5371,0.9032,0.4313,0.8952,0.4811,0.8992
GradientBoostingClassifier,2 Classes S vs IW / Feature Engineering / StandardScaler / Unbalanced / Feature Selection,0.7212,0.8887,0.5182,0.7773,0.5023,0.8211,0.6690,0.8767,0.5635,0.9302,0.5182,0.7773,0.3152,0.6659,0.4041,0.7194
GradientBoostingClassifier,2 Classes S vs IW / Feature Engineering / StandardScaler / SMOTE / Feature Selection,0.6841,0.9073,0.5178,0.8456,0.5133,0.8670,0.6587,0.9040,0.5250,0.8983,0.5178,0.8456,0.3516,0.7839,0.4264,0.8142
GradientBoostingClassifier,2 Classes S vs IW / Feature Engineering / StandardScaler / RandomOverSampler / Feature Selection,0.6416,0.9111,0.5362,0.9032,0.5349,0.8855,0.6471,0.9129,0.5364,0.8719,0.5362,0.9032,0.4308,0.8952,0.4805,0.8992
GradientBoostingClassifier,2 Classes S vs IW / Feature Engineering / MinMaxScaler / Unbalanced / Feature Selection,0.7198,0.8887,0.5173,0.7773,0.5015,0.8211,0.6680,0.8767,0.5641,0.9302,0.5173,0.7773,0.3148,0.6659,0.4035,0.7194
GradientBoostingClassifier,2 Classes S vs IW / Feature Engineering / MinMaxScaler / SMOTE / Feature Selection,0.6745,0.9039,0.5264,0.8391,0.5267,0.8610,0.6603,0.9000,0.5340,0.8959,0.5264,0.8391,0.3783,0.7744,0.4461,0.8060
GradientBoostingClassifier,2 Classes S vs IW / Feature Engineering / MinMaxScaler / RandomOverSampler / Feature Selection,0.6416,0.9111,0.5362,0.9032,0.5349,0.8855,0.6471,0.9129,0.5364,0.8719,0.5362,0.9032,0.4308,0.8952,0.4805,0.8992
KNeighborsClassifier,3 Classes / Normal / No Scaler / Unbalanced,0.4313,0.5100,0.4031,0.4797,0.3967,0.4770,0.4177,0.4978,0.4069,0.4924,0.4031,0.4797,0.6808,0.7242,0.5238,0.5894
KNeighborsClassifier,3 Classes / Normal / StandardScaler / Unbalanced,0.3888,0.5069,0.3556,0.4727,0.3430,0.4671,0.3665,0.4901,0.3663,0.4894,0.3556,0.4727,0.6485,0.7186,0.4798,0.5828
KNeighborsClassifier,3 Classes / Normal / MinMaxScaler / Unbalanced,0.3777,0.5110,0.3502,0.4830,0.3443,0.4825,0.3660,0.4999,0.3480,0.5025,0.3502,0.4830,0.6551,0.7233,0.4789,0.5910
KNeighborsClassifier,3 Classes / Feature Engineering / No Scaler / Unbalanced,0.4313,0.5100,0.4031,0.4797,0.3967,0.4770,0.4177,0.4978,0.4069,0.4924,0.4031,0.4797,0.6808,0.7242,0.5238,0.5894
KNeighborsClassifier,3 Classes / Feature Engineering / StandardScaler / Unbalanced,0.3888,0.5069,0.3556,0.4727,0.3430,0.4671,0.3665,0.4901,0.3663,0.4894,0.3556,0.4727,0.6485,0.7186,0.4798,0.5828
KNeighborsClassifier,3 Classes / Feature Engineering / MinMaxScaler / Unbalanced,0.3777,0.5110,0.3502,0.4830,0.3443,0.4825,0.3660,0.4999,0.3480,0.5025,0.3502,0.4830,0.6551,0.7233,0.4789,0.5910
KNeighborsClassifier,2 Classes IS vs W / Normal / No Scaler / Unbalanced,0.6332,0.6885,0.5524,0.6105,0.5426,0.6106,0.6004,0.6603,0.5750,0.6615,0.5524,0.6105,0.4715,0.5325,0.5103,0.5702
KNeighborsClassifier,2 Classes IS vs W / Normal / No Scaler / SMOTE,0.5522,0.5982,0.5868,0.6405,0.5502,0.5974,0.5561,0.6014,0.5841,0.6356,0.5868,0.6405,0.6214,0.6828,0.6038,0.6613
KNeighborsClassifier,2 Classes IS vs W / Normal / No Scaler / RandomOverSampler,0.5591,0.6267,0.5657,0.6400,0.5495,0.6195,0.5671,0.6342,0.5611,0.6289,0.5657,0.6400,0.5723,0.6533,0.5689,0.6466
KNeighborsClassifier,2 Classes IS vs W / Normal / StandardScaler / Unbalanced,0.6098,0.6717,0.5094,0.5791,0.4794,0.5682,0.5536,0.6285,0.5109,0.6442,0.5094,0.5791,0.4090,0.4864,0.4563,0.5307
KNeighborsClassifier,2 Classes IS vs W / Normal / StandardScaler / SMOTE,0.4450,0.5419,0.5026,0.6095,0.4423,0.5397,0.4330,0.5314,0.5021,0.6207,0.5026,0.6095,0.5601,0.6771,0.5305,0.6424
KNeighborsClassifier,2 Classes IS vs W / Normal / StandardScaler / RandomOverSampler,0.5247,0.6126,0.5253,0.6316,0.5108,0.6068,0.5311,0.6195,0.5234,0.6223,0.5253,0.6316,0.5259,0.6506,0.5255,0.6410
KNeighborsClassifier,2 Classes IS vs W / Normal / MinMaxScaler / Unbalanced,0.6154,0.6734,0.5240,0.5849,0.5052,0.5762,0.5718,0.6340,0.5365,0.6455,0.5240,0.5849,0.4325,0.4964,0.4760,0.5388
KNeighborsClassifier,2 Classes IS vs W / Normal / MinMaxScaler / SMOTE,0.5138,0.5838,0.5509,0.6205,0.5132,0.5827,0.5170,0.5886,0.5495,0.6148,0.5509,0.6205,0.5880,0.6572,0.5692,0.6386
KNeighborsClassifier,2 Classes IS vs W / Normal / MinMaxScaler / RandomOverSampler,0.5097,0.6119,0.5119,0.6195,0.4982,0.6027,0.5174,0.6197,0.5110,0.6101,0.5119,0.6195,0.5142,0.6271,0.5130,0.6233
KNeighborsClassifier,2 Classes IS vs W / Feature Engineering / No Scaler / Unbalanced,0.6332,0.6885,0.5524,0.6105,0.5426,0.6106,0.6004,0.6603,0.5750,0.6615,0.5524,0.6105,0.4715,0.5325,0.5103,0.5702
KNeighborsClassifier,2 Classes IS vs W / Feature Engineering / No Scaler / SMOTE,0.5522,0.5982,0.5868,0.6405,0.5502,0.5974,0.5561,0.6014,0.5841,0.6356,0.5868,0.6405,0.6214,0.6828,0.6038,0.6613
KNeighborsClassifier,2 Classes IS vs W / Feature Engineering / No Scaler / RandomOverSampler,0.5591,0.6267,0.5657,0.6400,0.5495,0.6195,0.5671,0.6342,0.5611,0.6289,0.5657,0.6400,0.5723,0.6533,0.5689,0.6466
KNeighborsClassifier,2 Classes IS vs W / Feature Engineering / StandardScaler / Unbalanced,0.6098,0.6717,0.5094,0.5791,0.4794,0.5682,0.5536,0.6285,0.5109,0.6442,0.5094,0.5791,0.4090,0.4864,0.4563,0.5307
KNeighborsClassifier,2 Classes IS vs W / Feature Engineering / StandardScaler / SMOTE,0.4450,0.5419,0.5026,0.6095,0.4423,0.5397,0.4330,0.5314,0.5021,0.6207,0.5026,0.6095,0.5601,0.6771,0.5305,0.6424
KNeighborsClassifier,2 Classes IS vs W / Feature Engineering / StandardScaler / RandomOverSampler,0.5247,0.6126,0.5253,0.6316,0.5108,0.6068,0.5311,0.6195,0.5234,0.6223,0.5253,0.6316,0.5259,0.6506,0.5255,0.6410
KNeighborsClassifier,2 Classes IS vs W / Feature Engineering / MinMaxScaler / Unbalanced,0.6154,0.6734,0.5240,0.5849,0.5052,0.5762,0.5718,0.6340,0.5365,0.6455,0.5240,0.5849,0.4325,0.4964,0.4760,0.5388
KNeighborsClassifier,2 Classes IS vs W / Feature Engineering / MinMaxScaler / SMOTE,0.5138,0.5838,0.5509,0.6205,0.5132,0.5827,0.5170,0.5886,0.5495,0.6148,0.5509,0.6205,0.5880,0.6572,0.5692,0.6386
KNeighborsClassifier,2 Classes IS vs W / Feature Engineering / MinMaxScaler / RandomOverSampler,0.5097,0.6119,0.5119,0.6195,0.4982,0.6027,0.5174,0.6197,0.5110,0.6101,0.5119,0.6195,0.5142,0.6271,0.5130,0.6233
KNeighborsClassifier,2 Classes S vs IW / Normal / No Scaler / Unbalanced,0.7376,0.7558,0.4974,0.5202,0.4440,0.4782,0.6483,0.6706,0.4925,0.6539,0.4974,0.5202,0.2572,0.2846,0.3577,0.3847
KNeighborsClassifier,2 Classes S vs IW / Normal / No Scaler / SMOTE,0.4643,0.5663,0.5192,0.6545,0.4510,0.5553,0.4935,0.5903,0.5147,0.6197,0.5192,0.6545,0.5740,0.7428,0.5459,0.6973
KNeighborsClassifier,2 Classes S vs IW / Normal / No Scaler / RandomOverSampler,0.5440,0.6535,0.5255,0.6677,0.4982,0.6169,0.5743,0.6766,0.5195,0.6267,0.5255,0.6677,0.5070,0.6819,0.5161,0.6748
KNeighborsClassifier,2 Classes S vs IW / Normal / StandardScaler / Unbalanced,0.7500,0.7576,0.4982,0.5130,0.4286,0.4584,0.6452,0.6619,0.3760,0.7422,0.4982,0.5130,0.2464,0.2684,0.3503,0.3710
KNeighborsClassifier,2 Classes S vs IW / Normal / StandardScaler / SMOTE,0.4067,0.4986,0.4865,0.6161,0.4011,0.4953,0.4278,0.5153,0.4900,0.5985,0.4865,0.6161,0.5663,0.7336,0.5248,0.6723
KNeighborsClassifier,2 Classes S vs IW / Normal / StandardScaler / RandomOverSampler,0.5454,0.6422,0.4929,0.6336,0.4784,0.5963,0.5718,0.6650,0.4935,0.6027,0.4929,0.6336,0.4403,0.6250,0.4654,0.6293
KNeighborsClassifier,2 Classes S vs IW / Normal / MinMaxScaler / Unbalanced,0.7486,0.7552,0.4991,0.5105,0.4334,0.4549,0.6470,0.6594,0.4762,0.6783,0.4991,0.5105,0.2496,0.2658,0.3530,0.3683
KNeighborsClassifier,2 Classes S vs IW / Normal / MinMaxScaler / SMOTE,0.5084,0.5766,0.5485,0.6460,0.4878,0.5603,0.5373,0.6016,0.5365,0.6114,0.5485,0.6460,0.5887,0.7154,0.5681,0.6797
KNeighborsClassifier,2 Classes S vs IW / Normal / MinMaxScaler / RandomOverSampler,0.5578,0.6339,0.5291,0.6393,0.5060,0.5942,0.5866,0.6582,0.5226,0.6054,0.5291,0.6393,0.5004,0.6447,0.5144,0.6420
KNeighborsClassifier,2 Classes S vs IW / Feature Engineering / No Scaler / Unbalanced,0.7376,0.7558,0.4974,0.5202,0.4440,0.4782,0.6483,0.6706,0.4925,0.6539,0.4974,0.5202,0.2572,0.2846,0.3577,0.3847
KNeighborsClassifier,2 Classes S vs IW / Feature Engineering / No Scaler / SMOTE,0.4643,0.5663,0.5192,0.6545,0.4510,0.5553,0.4935,0.5903,0.5147,0.6197,0.5192,0.6545,0.5740,0.7428,0.5459,0.6973
KNeighborsClassifier,2 Classes S vs IW / Feature Engineering / No Scaler / RandomOverSampler,0.5440,0.6535,0.5255,0.6677,0.4982,0.6169,0.5743,0.6766,0.5195,0.6267,0.5255,0.6677,0.5070,0.6819,0.5161,0.6748
KNeighborsClassifier,2 Classes S vs IW / Feature Engineering / StandardScaler / Unbalanced,0.7500,0.7576,0.4982,0.5130,0.4286,0.4584,0.6452,0.6619,0.3760,0.7422,0.4982,0.5130,0.2464,0.2684,0.3503,0.3710
KNeighborsClassifier,2 Classes S vs IW / Feature Engineering / StandardScaler / SMOTE,0.4067,0.4986,0.4865,0.6161,0.4011,0.4953,0.4278,0.5153,0.4900,0.5985,0.4865,0.6161,0.5663,0.7336,0.5248,0.6723
KNeighborsClassifier,2 Classes S vs IW / Feature Engineering / StandardScaler / RandomOverSampler,0.5454,0.6422,0.4929,0.6336,0.4784,0.5963,0.5718,0.6650,0.4935,0.6027,0.4929,0.6336,0.4403,0.6250,0.4654,0.6293
KNeighborsClassifier,2 Classes S vs IW / Feature Engineering / MinMaxScaler / Unbalanced,0.7486,0.7552,0.4991,0.5105,0.4334,0.4549,0.6470,0.6594,0.4762,0.6783,0.4991,0.5105,0.2496,0.2658,0.3530,0.3683
KNeighborsClassifier,2 Classes S vs IW / Feature Engineering / MinMaxScaler / SMOTE,0.5084,0.5766,0.5485,0.6460,0.4878,0.5603,0.5373,0.6016,0.5365,0.6114,0.5485,0.6460,0.5887,0.7154,0.5681,0.6797
KNeighborsClassifier,2 Classes S vs IW / Feature Engineering / MinMaxScaler / RandomOverSampler,0.5578,0.6339,0.5291,0.6393,0.5060,0.5942,0.5866,0.6582,0.5226,0.6054,0.5291,0.6393,0.5004,0.6447,0.5144,0.6420
KNeighborsClassifier,3 Classes / Normal / No Scaler / Unbalanced / Feature Selection,0.4217,0.5402,0.3931,0.5110,0.3848,0.5104,0.4068,0.5288,0.3921,0.5340,0.3931,0.5110,0.6771,0.7386,0.5157,0.6143
KNeighborsClassifier,3 Classes / Normal / StandardScaler / Unbalanced / Feature Selection,0.4121,0.5302,0.3865,0.5028,0.3822,0.5022,0.4007,0.5199,0.3942,0.5210,0.3865,0.5028,0.6697,0.7352,0.5082,0.6079
KNeighborsClassifier,3 Classes / Normal / MinMaxScaler / Unbalanced / Feature Selection,0.4052,0.5165,0.3790,0.4879,0.3739,0.4858,0.3944,0.5053,0.3776,0.4999,0.3790,0.4879,0.6715,0.7298,0.5043,0.5967
KNeighborsClassifier,3 Classes / Feature Engineering / No Scaler / Unbalanced / Feature Selection,0.4217,0.5402,0.3931,0.5110,0.3848,0.5104,0.4068,0.5288,0.3921,0.5340,0.3931,0.5110,0.6771,0.7386,0.5157,0.6143
KNeighborsClassifier,3 Classes / Feature Engineering / StandardScaler / Unbalanced / Feature Selection,0.4121,0.5302,0.3865,0.5028,0.3822,0.5022,0.4007,0.5199,0.3942,0.5210,0.3865,0.5028,0.6697,0.7352,0.5082,0.6079
KNeighborsClassifier,3 Classes / Feature Engineering / MinMaxScaler / Unbalanced / Feature Selection,0.4052,0.5165,0.3790,0.4879,0.3739,0.4858,0.3944,0.5053,0.3776,0.4999,0.3790,0.4879,0.6715,0.7298,0.5043,0.5967
KNeighborsClassifier,2 Classes IS vs W / Normal / No Scaler / Unbalanced / Feature Selection,0.6415,0.7012,0.5750,0.6345,0.5735,0.6391,0.6217,0.6819,0.6000,0.6754,0.5750,0.6345,0.5085,0.5678,0.5407,0.6002
KNeighborsClassifier,2 Classes IS vs W / Normal / No Scaler / SMOTE / Feature Selection,0.5701,0.6518,0.5956,0.6770,0.5664,0.6478,0.5762,0.6583,0.5897,0.6638,0.5956,0.6770,0.6211,0.7023,0.6082,0.6895
KNeighborsClassifier,2 Classes IS vs W / Normal / No Scaler / RandomOverSampler / Feature Selection,0.5907,0.6556,0.5988,0.6659,0.5812,0.6471,0.5981,0.6626,0.5916,0.6525,0.5988,0.6659,0.6069,0.6762,0.6028,0.6710
KNeighborsClassifier,2 Classes IS vs W / Normal / StandardScaler / Unbalanced / Feature Selection,0.6291,0.6937,0.5525,0.6165,0.5440,0.6166,0.5999,0.6656,0.5691,0.6684,0.5525,0.6165,0.4760,0.5392,0.5127,0.5765
KNeighborsClassifier,2 Classes IS vs W / Normal / StandardScaler / SMOTE / Feature Selection,0.5247,0.6092,0.5697,0.6546,0.5233,0.6088,0.5237,0.6119,0.5699,0.6502,0.5697,0.6546,0.6147,0.7000,0.5917,0.6769
KNeighborsClassifier,2 Classes IS vs W / Normal / StandardScaler / RandomOverSampler / Feature Selection,0.5701,0.6422,0.5768,0.6578,0.5585,0.6355,0.5757,0.6493,0.5731,0.6453,0.5768,0.6578,0.5835,0.6734,0.5800,0.6656
KNeighborsClassifier,2 Classes IS vs W / Normal / MinMaxScaler / Unbalanced / Feature Selection,0.6264,0.6741,0.5359,0.5899,0.5197,0.5847,0.5843,0.6397,0.5570,0.6418,0.5359,0.5899,0.4454,0.5057,0.4885,0.5462
KNeighborsClassifier,2 Classes IS vs W / Normal / MinMaxScaler / SMOTE / Feature Selection,0.5069,0.6219,0.5285,0.6446,0.5041,0.6177,0.5147,0.6291,0.5266,0.6336,0.5285,0.6446,0.5500,0.6673,0.5391,0.6559
KNeighborsClassifier,2 Classes IS vs W / Normal / MinMaxScaler / RandomOverSampler / Feature Selection,0.5124,0.6387,0.5208,0.6491,0.5049,0.6302,0.5218,0.6460,0.5192,0.6375,0.5208,0.6491,0.5291,0.6595,0.5249,0.6543
KNeighborsClassifier,2 Classes IS vs W / Feature Engineering / No Scaler / Unbalanced / Feature Selection,0.6415,0.7012,0.5750,0.6345,0.5735,0.6391,0.6217,0.6819,0.6000,0.6754,0.5750,0.6345,0.5085,0.5678,0.5407,0.6002
KNeighborsClassifier,2 Classes IS vs W / Feature Engineering / No Scaler / SMOTE / Feature Selection,0.5701,0.6518,0.5956,0.6770,0.5664,0.6478,0.5762,0.6583,0.5897,0.6638,0.5956,0.6770,0.6211,0.7023,0.6082,0.6895
KNeighborsClassifier,2 Classes IS vs W / Feature Engineering / No Scaler / RandomOverSampler / Feature Selection,0.5907,0.6556,0.5988,0.6659,0.5812,0.6471,0.5981,0.6626,0.5916,0.6525,0.5988,0.6659,0.6069,0.6762,0.6028,0.6710
KNeighborsClassifier,2 Classes IS vs W / Feature Engineering / StandardScaler / Unbalanced / Feature Selection,0.6291,0.6937,0.5525,0.6165,0.5440,0.6166,0.5999,0.6656,0.5691,0.6684,0.5525,0.6165,0.4760,0.5392,0.5127,0.5765
KNeighborsClassifier,2 Classes IS vs W / Feature Engineering / StandardScaler / SMOTE / Feature Selection,0.5247,0.6092,0.5697,0.6546,0.5233,0.6088,0.5237,0.6119,0.5699,0.6502,0.5697,0.6546,0.6147,0.7000,0.5917,0.6769
KNeighborsClassifier,2 Classes IS vs W / Feature Engineering / StandardScaler / RandomOverSampler / Feature Selection,0.5701,0.6422,0.5768,0.6578,0.5585,0.6355,0.5757,0.6493,0.5731,0.6453,0.5768,0.6578,0.5835,0.6734,0.5800,0.6656
KNeighborsClassifier,2 Classes IS vs W / Feature Engineering / MinMaxScaler / Unbalanced / Feature Selection,0.6264,0.6741,0.5359,0.5899,0.5197,0.5847,0.5843,0.6397,0.5570,0.6418,0.5359,0.5899,0.4454,0.5057,0.4885,0.5462
KNeighborsClassifier,2 Classes IS vs W / Feature Engineering / MinMaxScaler / SMOTE / Feature Selection,0.5069,0.6219,0.5285,0.6446,0.5041,0.6177,0.5147,0.6291,0.5266,0.6336,0.5285,0.6446,0.5500,0.6673,0.5391,0.6559
KNeighborsClassifier,2 Classes IS vs W / Feature Engineering / MinMaxScaler / RandomOverSampler / Feature Selection,0.5124,0.6387,0.5208,0.6491,0.5049,0.6302,0.5218,0.6460,0.5192,0.6375,0.5208,0.6491,0.5291,0.6595,0.5249,0.6543
KNeighborsClassifier,2 Classes S vs IW / Normal / No Scaler / Unbalanced / Feature Selection,0.7431,0.7569,0.5048,0.5223,0.4547,0.4825,0.6551,0.6729,0.4940,0.6816,0.5048,0.5223,0.2665,0.2878,0.3667,0.3877
KNeighborsClassifier,2 Classes S vs IW / Normal / No Scaler / SMOTE / Feature Selection,0.4863,0.5999,0.5282,0.6657,0.4677,0.5820,0.5169,0.6254,0.5214,0.6247,0.5282,0.6657,0.5702,0.7315,0.5487,0.6978
KNeighborsClassifier,2 Classes S vs IW / Normal / No Scaler / RandomOverSampler / Feature Selection,0.5274,0.6398,0.5164,0.6497,0.4860,0.6017,0.5596,0.6638,0.5122,0.6131,0.5164,0.6497,0.5053,0.6597,0.5107,0.6547
KNeighborsClassifier,2 Classes S vs IW / Normal / StandardScaler / Unbalanced / Feature Selection,0.7363,0.7600,0.4928,0.5234,0.4336,0.4817,0.6428,0.6737,0.4167,0.7058,0.4928,0.5234,0.2493,0.2869,0.3505,0.3875
KNeighborsClassifier,2 Classes S vs IW / Normal / StandardScaler / SMOTE / Feature Selection,0.4369,0.5532,0.5103,0.6487,0.4288,0.5443,0.4609,0.5763,0.5079,0.6168,0.5103,0.6487,0.5838,0.7441,0.5457,0.6947
KNeighborsClassifier,2 Classes S vs IW / Normal / StandardScaler / RandomOverSampler / Feature Selection,0.4974,0.6356,0.4833,0.6484,0.4557,0.5987,0.5295,0.6597,0.4875,0.6125,0.4833,0.6484,0.4693,0.6611,0.4760,0.6547
KNeighborsClassifier,2 Classes S vs IW / Normal / MinMaxScaler / Unbalanced / Feature Selection,0.7445,0.7545,0.4983,0.5114,0.4366,0.4581,0.6471,0.6607,0.4903,0.6904,0.4983,0.5114,0.2520,0.2683,0.3543,0.3704
KNeighborsClassifier,2 Classes S vs IW / Normal / MinMaxScaler / SMOTE / Feature Selection,0.5137,0.6239,0.5073,0.6639,0.4748,0.5972,0.5462,0.6490,0.5053,0.6229,0.5073,0.6639,0.5009,0.7039,0.5039,0.6836
KNeighborsClassifier,2 Classes S vs IW / Normal / MinMaxScaler / RandomOverSampler / Feature Selection,0.5508,0.6483,0.5170,0.6470,0.4966,0.6052,0.5800,0.6709,0.5130,0.6126,0.5170,0.6470,0.4831,0.6457,0.4998,0.6463
KNeighborsClassifier,2 Classes S vs IW / Feature Engineering / No Scaler / Unbalanced / Feature Selection,0.7431,0.7569,0.5048,0.5223,0.4547,0.4825,0.6551,0.6729,0.4940,0.6816,0.5048,0.5223,0.2665,0.2878,0.3667,0.3877
KNeighborsClassifier,2 Classes S vs IW / Feature Engineering / No Scaler / SMOTE / Feature Selection,0.4863,0.5999,0.5282,0.6657,0.4677,0.5820,0.5169,0.6254,0.5214,0.6247,0.5282,0.6657,0.5702,0.7315,0.5487,0.6978
KNeighborsClassifier,2 Classes S vs IW / Feature Engineering / No Scaler / RandomOverSampler / Feature Selection,0.5274,0.6398,0.5164,0.6497,0.4860,0.6017,0.5596,0.6638,0.5122,0.6131,0.5164,0.6497,0.5053,0.6597,0.5107,0.6547
KNeighborsClassifier,2 Classes S vs IW / Feature Engineering / StandardScaler / Unbalanced / Feature Selection,0.7363,0.7600,0.4928,0.5234,0.4336,0.4817,0.6428,0.6737,0.4167,0.7058,0.4928,0.5234,0.2493,0.2869,0.3505,0.3875
KNeighborsClassifier,2 Classes S vs IW / Feature Engineering / StandardScaler / SMOTE / Feature Selection,0.4369,0.5532,0.5103,0.6487,0.4288,0.5443,0.4609,0.5763,0.5079,0.6168,0.5103,0.6487,0.5838,0.7441,0.5457,0.6947
KNeighborsClassifier,2 Classes S vs IW / Feature Engineering / StandardScaler / RandomOverSampler / Feature Selection,0.4974,0.6356,0.4833,0.6484,0.4557,0.5987,0.5295,0.6597,0.4875,0.6125,0.4833,0.6484,0.4693,0.6611,0.4760,0.6547
KNeighborsClassifier,2 Classes S vs IW / Feature Engineering / MinMaxScaler / Unbalanced / Feature Selection,0.7445,0.7545,0.4983,0.5114,0.4366,0.4581,0.6471,0.6607,0.4903,0.6904,0.4983,0.5114,0.2520,0.2683,0.3543,0.3704
KNeighborsClassifier,2 Classes S vs IW / Feature Engineering / MinMaxScaler / SMOTE / Feature Selection,0.5137,0.6239,0.5073,0.6639,0.4748,0.5972,0.5462,0.6490,0.5053,0.6229,0.5073,0.6639,0.5009,0.7039,0.5039,0.6836
KNeighborsClassifier,2 Classes S vs IW / Feature Engineering / MinMaxScaler / RandomOverSampler / Feature Selection,0.5508,0.6483,0.5170,0.6470,0.4966,0.6052,0.5800,0.6709,0.5130,0.6126,0.5170,0.6470,0.4831,0.6457,0.4998,0.6463
MLPClassifier,3 Classes / Normal / No Scaler / Unbalanced,0.4108,0.5814,0.3895,0.5654,0.3603,0.5521,0.3800,0.5641,0.3794,0.6300,0.3895,0.5654,0.6822,0.7724,0.5153,0.6608
MLPClassifier,3 Classes / Normal / StandardScaler / Unbalanced,0.4135,1.0000,0.3973,1.0000,0.3969,1.0000,0.4114,1.0000,0.3996,1.0000,0.3973,1.0000,0.6877,1.0000,0.5223,1.0000
MLPClassifier,3 Classes / Normal / MinMaxScaler / Unbalanced,0.3723,0.9742,0.3604,0.9735,0.3580,0.9737,0.3694,0.9743,0.3609,0.9740,0.3604,0.9735,0.6687,0.9864,0.4907,0.9799
MLPClassifier,3 Classes / Feature Engineering / No Scaler / Unbalanced,0.4108,0.5814,0.3895,0.5654,0.3603,0.5521,0.3800,0.5641,0.3794,0.6300,0.3895,0.5654,0.6822,0.7724,0.5153,0.6608
MLPClassifier,3 Classes / Feature Engineering / StandardScaler / Unbalanced,0.4135,1.0000,0.3973,1.0000,0.3969,1.0000,0.4114,1.0000,0.3996,1.0000,0.3973,1.0000,0.6877,1.0000,0.5223,1.0000
MLPClassifier,3 Classes / Feature Engineering / MinMaxScaler / Unbalanced,0.3723,0.9742,0.3604,0.9735,0.3580,0.9737,0.3694,0.9743,0.3609,0.9740,0.3604,0.9735,0.6687,0.9864,0.4907,0.9799
MLPClassifier,2 Classes IS vs W / Normal / No Scaler / Unbalanced,0.6250,0.7215,0.5539,0.6532,0.5264,0.6454,0.5828,0.6898,0.5908,0.7532,0.5539,0.6532,0.4827,0.5849,0.5162,0.6176
MLPClassifier,2 Classes IS vs W / Normal / No Scaler / SMOTE,0.5894,0.7462,0.5883,0.7541,0.5732,0.7343,0.5943,0.7478,0.5837,0.7483,0.5883,0.7541,0.5873,0.7620,0.5877,0.7579
MLPClassifier,2 Classes IS vs W / Normal / No Scaler / RandomOverSampler,0.5852,0.7785,0.5673,0.7772,0.5547,0.7615,0.5834,0.7779,0.5675,0.7696,0.5673,0.7772,0.5495,0.7760,0.5580,0.7764
MLPClassifier,2 Classes IS vs W / Normal / StandardScaler / Unbalanced,0.5851,1.0000,0.5372,1.0000,0.5341,1.0000,0.5773,1.0000,0.5370,1.0000,0.5372,1.0000,0.4893,1.0000,0.5126,1.0000
MLPClassifier,2 Classes IS vs W / Normal / StandardScaler / SMOTE,0.5728,1.0000,0.5336,1.0000,0.5304,1.0000,0.5699,1.0000,0.5319,1.0000,0.5336,1.0000,0.4944,1.0000,0.5135,1.0000
MLPClassifier,2 Classes IS vs W / Normal / StandardScaler / RandomOverSampler,0.5728,1.0000,0.5319,1.0000,0.5300,1.0000,0.5699,1.0000,0.5315,1.0000,0.5319,1.0000,0.4910,1.0000,0.5109,1.0000
MLPClassifier,2 Classes IS vs W / Normal / MinMaxScaler / Unbalanced,0.5797,0.9701,0.5304,0.9644,0.5298,0.9672,0.5735,0.9700,0.5316,0.9708,0.5304,0.9644,0.4810,0.9586,0.5051,0.9615
MLPClassifier,2 Classes IS vs W / Normal / MinMaxScaler / SMOTE,0.5714,0.9447,0.5384,0.9421,0.5350,0.9399,0.5711,0.9447,0.5368,0.9418,0.5384,0.9421,0.5054,0.9394,0.5215,0.9407
MLPClassifier,2 Classes IS vs W / Normal / MinMaxScaler / RandomOverSampler,0.5632,0.9650,0.5227,0.9646,0.5195,0.9619,0.5599,0.9650,0.5214,0.9616,0.5227,0.9646,0.4822,0.9643,0.5019,0.9645
MLPClassifier,2 Classes IS vs W / Feature Engineering / No Scaler / Unbalanced,0.6250,0.7215,0.5539,0.6532,0.5264,0.6454,0.5828,0.6898,0.5908,0.7532,0.5539,0.6532,0.4827,0.5849,0.5162,0.6176
MLPClassifier,2 Classes IS vs W / Feature Engineering / No Scaler / SMOTE,0.5894,0.7462,0.5883,0.7541,0.5732,0.7343,0.5943,0.7478,0.5837,0.7483,0.5883,0.7541,0.5873,0.7620,0.5877,0.7579
MLPClassifier,2 Classes IS vs W / Feature Engineering / No Scaler / RandomOverSampler,0.5852,0.7785,0.5673,0.7772,0.5547,0.7615,0.5834,0.7779,0.5675,0.7696,0.5673,0.7772,0.5495,0.7760,0.5580,0.7764
MLPClassifier,2 Classes IS vs W / Feature Engineering / StandardScaler / Unbalanced,0.5851,1.0000,0.5372,1.0000,0.5341,1.0000,0.5773,1.0000,0.5370,1.0000,0.5372,1.0000,0.4893,1.0000,0.5126,1.0000
MLPClassifier,2 Classes IS vs W / Feature Engineering / StandardScaler / SMOTE,0.5728,1.0000,0.5336,1.0000,0.5304,1.0000,0.5699,1.0000,0.5319,1.0000,0.5336,1.0000,0.4944,1.0000,0.5135,1.0000
MLPClassifier,2 Classes IS vs W / Feature Engineering / StandardScaler / RandomOverSampler,0.5728,1.0000,0.5319,1.0000,0.5300,1.0000,0.5699,1.0000,0.5315,1.0000,0.5319,1.0000,0.4910,1.0000,0.5109,1.0000
MLPClassifier,2 Classes IS vs W / Feature Engineering / MinMaxScaler / Unbalanced,0.5797,0.9701,0.5304,0.9644,0.5298,0.9672,0.5735,0.9700,0.5316,0.9708,0.5304,0.9644,0.4810,0.9586,0.5051,0.9615
MLPClassifier,2 Classes IS vs W / Feature Engineering / MinMaxScaler / SMOTE,0.5714,0.9447,0.5384,0.9421,0.5350,0.9399,0.5711,0.9447,0.5368,0.9418,0.5384,0.9421,0.5054,0.9394,0.5215,0.9407
MLPClassifier,2 Classes IS vs W / Feature Engineering / MinMaxScaler / RandomOverSampler,0.5632,0.9650,0.5227,0.9646,0.5195,0.9619,0.5599,0.9650,0.5214,0.9616,0.5227,0.9646,0.4822,0.9643,0.5019,0.9645
MLPClassifier,2 Classes S vs IW / Normal / No Scaler / Unbalanced,0.6978,0.8558,0.5177,0.7414,0.5031,0.7638,0.6594,0.8380,0.5205,0.8641,0.5177,0.7414,0.3375,0.6271,0.4170,0.6809
MLPClassifier,2 Classes S vs IW / Normal / No Scaler / SMOTE,0.5617,0.8095,0.4980,0.8222,0.4839,0.7764,0.5820,0.8189,0.4978,0.7699,0.4980,0.8222,0.4343,0.8348,0.4643,0.8282
MLPClassifier,2 Classes S vs IW / Normal / No Scaler / RandomOverSampler,0.6195,0.8098,0.5215,0.7855,0.5095,0.7646,0.6229,0.8162,0.5197,0.7652,0.5215,0.7855,0.4235,0.7613,0.4685,0.7731
MLPClassifier,2 Classes S vs IW / Normal / StandardScaler / Unbalanced,0.6469,1.0000,0.5081,1.0000,0.5058,1.0000,0.6386,1.0000,0.5088,1.0000,0.5081,1.0000,0.3692,1.0000,0.4327,1.0000
MLPClassifier,2 Classes S vs IW / Normal / StandardScaler / SMOTE,0.6443,1.0000,0.5156,1.0000,0.5139,1.0000,0.6405,1.0000,0.5159,1.0000,0.5156,1.0000,0.3870,1.0000,0.4462,1.0000
MLPClassifier,2 Classes S vs IW / Normal / StandardScaler / RandomOverSampler,0.6333,1.0000,0.5027,1.0000,0.5002,1.0000,0.6298,1.0000,0.5017,1.0000,0.5027,1.0000,0.3722,1.0000,0.4320,1.0000
MLPClassifier,2 Classes S vs IW / Normal / MinMaxScaler / Unbalanced,0.6579,0.9942,0.5265,0.9901,0.5242,0.9921,0.6515,0.9941,0.5244,0.9943,0.5265,0.9901,0.3951,0.9860,0.4556,0.9880
MLPClassifier,2 Classes S vs IW / Normal / MinMaxScaler / SMOTE,0.6676,0.9900,0.5517,0.9887,0.5480,0.9868,0.6645,0.9901,0.5509,0.9851,0.5517,0.9887,0.4357,0.9874,0.4896,0.9881
MLPClassifier,2 Classes S vs IW / Normal / MinMaxScaler / RandomOverSampler,0.6484,0.9794,0.5407,0.9788,0.5350,0.9728,0.6503,0.9796,0.5340,0.9677,0.5407,0.9788,0.4331,0.9783,0.4830,0.9786
MLPClassifier,2 Classes S vs IW / Feature Engineering / No Scaler / Unbalanced,0.6978,0.8558,0.5177,0.7414,0.5031,0.7638,0.6594,0.8380,0.5205,0.8641,0.5177,0.7414,0.3375,0.6271,0.4170,0.6809
MLPClassifier,2 Classes S vs IW / Feature Engineering / No Scaler / SMOTE,0.5617,0.8095,0.4980,0.8222,0.4839,0.7764,0.5820,0.8189,0.4978,0.7699,0.4980,0.8222,0.4343,0.8348,0.4643,0.8282
MLPClassifier,2 Classes S vs IW / Feature Engineering / No Scaler / RandomOverSampler,0.6195,0.8098,0.5215,0.7855,0.5095,0.7646,0.6229,0.8162,0.5197,0.7652,0.5215,0.7855,0.4235,0.7613,0.4685,0.7731
MLPClassifier,2 Classes S vs IW / Feature Engineering / StandardScaler / Unbalanced,0.6469,1.0000,0.5081,1.0000,0.5058,1.0000,0.6386,1.0000,0.5088,1.0000,0.5081,1.0000,0.3692,1.0000,0.4327,1.0000
MLPClassifier,2 Classes S vs IW / Feature Engineering / StandardScaler / SMOTE,0.6443,1.0000,0.5156,1.0000,0.5139,1.0000,0.6405,1.0000,0.5159,1.0000,0.5156,1.0000,0.3870,1.0000,0.4462,1.0000
MLPClassifier,2 Classes S vs IW / Feature Engineering / StandardScaler / RandomOverSampler,0.6333,1.0000,0.5027,1.0000,0.5002,1.0000,0.6298,1.0000,0.5017,1.0000,0.5027,1.0000,0.3722,1.0000,0.4320,1.0000
MLPClassifier,2 Classes S vs IW / Feature Engineering / MinMaxScaler / Unbalanced,0.6579,0.9942,0.5265,0.9901,0.5242,0.9921,0.6515,0.9941,0.5244,0.9943,0.5265,0.9901,0.3951,0.9860,0.4556,0.9880
MLPClassifier,2 Classes S vs IW / Feature Engineering / MinMaxScaler / SMOTE,0.6676,0.9900,0.5517,0.9887,0.5480,0.9868,0.6645,0.9901,0.5509,0.9851,0.5517,0.9887,0.4357,0.9874,0.4896,0.9881
MLPClassifier,2 Classes S vs IW / Feature Engineering / MinMaxScaler / RandomOverSampler,0.6484,0.9794,0.5407,0.9788,0.5350,0.9728,0.6503,0.9796,0.5340,0.9677,0.5407,0.9788,0.4331,0.9783,0.4830,0.9786
MLPClassifier,3 Classes / Normal / No Scaler / Unbalanced / Feature Selection,0.3833,0.7294,0.3656,0.7187,0.3575,0.7204,0.3733,0.7259,0.3683,0.7469,0.3656,0.7187,0.6673,0.8512,0.4936,0.7812
MLPClassifier,3 Classes / Normal / StandardScaler / Unbalanced / Feature Selection,0.3900,1.0000,0.3795,1.0000,0.3778,1.0000,0.3897,1.0000,0.3794,1.0000,0.3795,1.0000,0.6815,1.0000,0.5080,1.0000
MLPClassifier,3 Classes / Normal / MinMaxScaler / Unbalanced / Feature Selection,0.3818,0.9004,0.3661,0.8961,0.3648,0.9002,0.3797,0.9004,0.3678,0.9063,0.3661,0.8961,0.6725,0.9432,0.4960,0.9193
MLPClassifier,3 Classes / Feature Engineering / No Scaler / Unbalanced / Feature Selection,0.3833,0.7294,0.3656,0.7187,0.3575,0.7204,0.3733,0.7259,0.3683,0.7469,0.3656,0.7187,0.6673,0.8512,0.4936,0.7812
MLPClassifier,3 Classes / Feature Engineering / StandardScaler / Unbalanced / Feature Selection,0.3900,1.0000,0.3795,1.0000,0.3778,1.0000,0.3897,1.0000,0.3794,1.0000,0.3795,1.0000,0.6815,1.0000,0.5080,1.0000
MLPClassifier,3 Classes / Feature Engineering / MinMaxScaler / Unbalanced / Feature Selection,0.3818,0.9004,0.3661,0.8961,0.3648,0.9002,0.3797,0.9004,0.3678,0.9063,0.3661,0.8961,0.6725,0.9432,0.4960,0.9193
MLPClassifier,2 Classes IS vs W / Normal / No Scaler / Unbalanced / Feature Selection,0.6084,0.8455,0.5407,0.8033,0.5344,0.8141,0.5867,0.8356,0.5530,0.8638,0.5407,0.8033,0.4731,0.7611,0.5056,0.7818
MLPClassifier,2 Classes IS vs W / Normal / No Scaler / SMOTE / Feature Selection,0.6043,0.8187,0.5606,0.7959,0.5545,0.7947,0.5949,0.8141,0.5629,0.8101,0.5606,0.7959,0.5170,0.7732,0.5381,0.7843
MLPClassifier,2 Classes IS vs W / Normal / No Scaler / RandomOverSampler / Feature Selection,0.5755,0.8066,0.5562,0.8165,0.5458,0.7978,0.5749,0.8079,0.5604,0.8122,0.5562,0.8165,0.5368,0.8263,0.5461,0.8212
MLPClassifier,2 Classes IS vs W / Normal / StandardScaler / Unbalanced / Feature Selection,0.6112,1.0000,0.5754,1.0000,0.5728,1.0000,0.6084,1.0000,0.5767,1.0000,0.5754,1.0000,0.5395,1.0000,0.5570,1.0000
MLPClassifier,2 Classes IS vs W / Normal / StandardScaler / SMOTE / Feature Selection,0.6181,1.0000,0.5807,1.0000,0.5788,1.0000,0.6144,1.0000,0.5878,1.0000,0.5807,1.0000,0.5433,1.0000,0.5616,1.0000
MLPClassifier,2 Classes IS vs W / Normal / StandardScaler / RandomOverSampler / Feature Selection,0.6112,1.0000,0.5754,1.0000,0.5717,1.0000,0.6075,1.0000,0.5777,1.0000,0.5754,1.0000,0.5396,1.0000,0.5571,1.0000
MLPClassifier,2 Classes IS vs W / Normal / MinMaxScaler / Unbalanced / Feature Selection,0.5769,0.9279,0.5325,0.9174,0.5302,0.9208,0.5714,0.9275,0.5355,0.9252,0.5325,0.9174,0.4881,0.9069,0.5097,0.9122
MLPClassifier,2 Classes IS vs W / Normal / MinMaxScaler / SMOTE / Feature Selection,0.5934,0.9131,0.5557,0.9078,0.5533,0.9059,0.5907,0.9132,0.5567,0.9078,0.5557,0.9078,0.5179,0.9026,0.5363,0.9052
MLPClassifier,2 Classes IS vs W / Normal / MinMaxScaler / RandomOverSampler / Feature Selection,0.5742,0.9086,0.5363,0.9061,0.5348,0.9016,0.5728,0.9091,0.5369,0.8994,0.5363,0.9061,0.4985,0.9035,0.5170,0.9048
MLPClassifier,2 Classes IS vs W / Feature Engineering / No Scaler / Unbalanced / Feature Selection,0.6084,0.8455,0.5407,0.8033,0.5344,0.8141,0.5867,0.8356,0.5530,0.8638,0.5407,0.8033,0.4731,0.7611,0.5056,0.7818
MLPClassifier,2 Classes IS vs W / Feature Engineering / No Scaler / SMOTE / Feature Selection,0.6043,0.8187,0.5606,0.7959,0.5545,0.7947,0.5949,0.8141,0.5629,0.8101,0.5606,0.7959,0.5170,0.7732,0.5381,0.7843
MLPClassifier,2 Classes IS vs W / Feature Engineering / No Scaler / RandomOverSampler / Feature Selection,0.5755,0.8066,0.5562,0.8165,0.5458,0.7978,0.5749,0.8079,0.5604,0.8122,0.5562,0.8165,0.5368,0.8263,0.5461,0.8212
MLPClassifier,2 Classes IS vs W / Feature Engineering / StandardScaler / Unbalanced / Feature Selection,0.6112,1.0000,0.5754,1.0000,0.5728,1.0000,0.6084,1.0000,0.5767,1.0000,0.5754,1.0000,0.5395,1.0000,0.5570,1.0000
MLPClassifier,2 Classes IS vs W / Feature Engineering / StandardScaler / SMOTE / Feature Selection,0.6181,1.0000,0.5807,1.0000,0.5788,1.0000,0.6144,1.0000,0.5878,1.0000,0.5807,1.0000,0.5433,1.0000,0.5616,1.0000
MLPClassifier,2 Classes IS vs W / Feature Engineering / StandardScaler / RandomOverSampler / Feature Selection,0.6112,1.0000,0.5754,1.0000,0.5717,1.0000,0.6075,1.0000,0.5777,1.0000,0.5754,1.0000,0.5396,1.0000,0.5571,1.0000
MLPClassifier,2 Classes IS vs W / Feature Engineering / MinMaxScaler / Unbalanced / Feature Selection,0.5769,0.9279,0.5325,0.9174,0.5302,0.9208,0.5714,0.9275,0.5355,0.9252,0.5325,0.9174,0.4881,0.9069,0.5097,0.9122
MLPClassifier,2 Classes IS vs W / Feature Engineering / MinMaxScaler / SMOTE / Feature Selection,0.5934,0.9131,0.5557,0.9078,0.5533,0.9059,0.5907,0.9132,0.5567,0.9078,0.5557,0.9078,0.5179,0.9026,0.5363,0.9052
MLPClassifier,2 Classes IS vs W / Feature Engineering / MinMaxScaler / RandomOverSampler / Feature Selection,0.5742,0.9086,0.5363,0.9061,0.5348,0.9016,0.5728,0.9091,0.5369,0.8994,0.5363,0.9061,0.4985,0.9035,0.5170,0.9048
MLPClassifier,2 Classes S vs IW / Normal / No Scaler / Unbalanced / Feature Selection,0.6908,0.8311,0.5037,0.6957,0.4891,0.7250,0.6508,0.8112,0.5106,0.8291,0.5037,0.6957,0.3165,0.5602,0.3986,0.6240
MLPClassifier,2 Classes S vs IW / Normal / No Scaler / SMOTE / Feature Selection,0.6127,0.7932,0.5228,0.7768,0.5120,0.7474,0.6216,0.8002,0.5184,0.7474,0.5228,0.7768,0.4328,0.7604,0.4744,0.7681
MLPClassifier,2 Classes S vs IW / Normal / No Scaler / RandomOverSampler / Feature Selection,0.5920,0.8163,0.5033,0.8094,0.4891,0.7798,0.6006,0.8228,0.5002,0.7812,0.5033,0.8094,0.4147,0.8025,0.4548,0.8055
MLPClassifier,2 Classes S vs IW / Normal / StandardScaler / Unbalanced / Feature Selection,0.6415,1.0000,0.5044,1.0000,0.5038,1.0000,0.6358,1.0000,0.5043,1.0000,0.5044,1.0000,0.3674,1.0000,0.4303,1.0000
MLPClassifier,2 Classes S vs IW / Normal / StandardScaler / SMOTE / Feature Selection,0.6442,1.0000,0.5230,1.0000,0.5213,1.0000,0.6434,1.0000,0.5226,1.0000,0.5230,1.0000,0.4019,1.0000,0.4581,1.0000
MLPClassifier,2 Classes S vs IW / Normal / StandardScaler / RandomOverSampler / Feature Selection,0.6236,0.9997,0.4982,0.9993,0.4981,0.9995,0.6249,0.9997,0.4983,0.9998,0.4982,0.9993,0.3728,0.9990,0.4308,0.9991
MLPClassifier,2 Classes S vs IW / Normal / MinMaxScaler / Unbalanced / Feature Selection,0.6771,0.9602,0.5393,0.9264,0.5400,0.9437,0.6667,0.9591,0.5455,0.9663,0.5393,0.9264,0.4014,0.8927,0.4651,0.9094
MLPClassifier,2 Classes S vs IW / Normal / MinMaxScaler / SMOTE / Feature Selection,0.6415,0.9310,0.5380,0.9299,0.5362,0.9118,0.6474,0.9325,0.5386,0.9004,0.5380,0.9299,0.4345,0.9288,0.4834,0.9293
MLPClassifier,2 Classes S vs IW / Normal / MinMaxScaler / RandomOverSampler / Feature Selection,0.6360,0.9409,0.5437,0.9416,0.5365,0.9246,0.6439,0.9423,0.5383,0.9131,0.5437,0.9416,0.4515,0.9423,0.4949,0.9420
MLPClassifier,2 Classes S vs IW / Feature Engineering / No Scaler / Unbalanced / Feature Selection,0.6908,0.8311,0.5037,0.6957,0.4891,0.7250,0.6508,0.8112,0.5106,0.8291,0.5037,0.6957,0.3165,0.5602,0.3986,0.6240
MLPClassifier,2 Classes S vs IW / Feature Engineering / No Scaler / SMOTE / Feature Selection,0.6127,0.7932,0.5228,0.7768,0.5120,0.7474,0.6216,0.8002,0.5184,0.7474,0.5228,0.7768,0.4328,0.7604,0.4744,0.7681
MLPClassifier,2 Classes S vs IW / Feature Engineering / No Scaler / RandomOverSampler / Feature Selection,0.5920,0.8163,0.5033,0.8094,0.4891,0.7798,0.6006,0.8228,0.5002,0.7812,0.5033,0.8094,0.4147,0.8025,0.4548,0.8055
MLPClassifier,2 Classes S vs IW / Feature Engineering / StandardScaler / Unbalanced / Feature Selection,0.6415,1.0000,0.5044,1.0000,0.5038,1.0000,0.6358,1.0000,0.5043,1.0000,0.5044,1.0000,0.3674,1.0000,0.4303,1.0000
MLPClassifier,2 Classes S vs IW / Feature Engineering / StandardScaler / SMOTE / Feature Selection,0.6442,1.0000,0.5230,1.0000,0.5213,1.0000,0.6434,1.0000,0.5226,1.0000,0.5230,1.0000,0.4019,1.0000,0.4581,1.0000
MLPClassifier,2 Classes S vs IW / Feature Engineering / StandardScaler / RandomOverSampler / Feature Selection,0.6236,0.9997,0.4982,0.9993,0.4981,0.9995,0.6249,0.9997,0.4983,0.9998,0.4982,0.9993,0.3728,0.9990,0.4308,0.9991
MLPClassifier,2 Classes S vs IW / Feature Engineering / MinMaxScaler / Unbalanced / Feature Selection,0.6771,0.9602,0.5393,0.9264,0.5400,0.9437,0.6667,0.9591,0.5455,0.9663,0.5393,0.9264,0.4014,0.8927,0.4651,0.9094
MLPClassifier,2 Classes S vs IW / Feature Engineering / MinMaxScaler / SMOTE / Feature Selection,0.6415,0.9310,0.5380,0.9299,0.5362,0.9118,0.6474,0.9325,0.5386,0.9004,0.5380,0.9299,0.4345,0.9288,0.4834,0.9293
MLPClassifier,2 Classes S vs IW / Feature Engineering / MinMaxScaler / RandomOverSampler / Feature Selection,0.6360,0.9409,0.5437,0.9416,0.5365,0.9246,0.6439,0.9423,0.5383,0.9131,0.5437,0.9416,0.4515,0.9423,0.4949,0.9420
